instanceid,local_path,size_bytes,sha256
011984fd82d62d609e776fbf5de75440,benchmarks/sat/satcomp2026-main/official/011984fd82d62d609e776fbf5de75440.cnf.xz,12092,fa3549a5f3dd4fbd31a2ac6ccecd6a72f5a6bb5f71212d15257d3f00ab7c8d23
01d6fa8efd18ebfecd06af408958477b,benchmarks/sat/satcomp2026-main/official/01d6fa8efd18ebfecd06af408958477b.cnf.xz,20076,59704ea1179fc5eab68989230b53158a67fffb955a6780b2f93c0aea341a356b
02a46668243d6dabab4cf74d3811f6b6,benchmarks/sat/satcomp2026-main/official/02a46668243d6dabab4cf74d3811f6b6.cnf.xz,313340,7995ca810c549fcb4c71d773c54475b746cddfdc8371c686bce69ebc8ca18d1c
0359596347daa117da50950748bc06d1,benchmarks/sat/satcomp2026-main/official/0359596347daa117da50950748bc06d1.cnf.xz,136188,728b9b3767f1342efccfc0938c96a3fdd4d90bc94f40d24842d140abaec48cc5
03e49a528251af9a7b7e1ca03c33b162,benchmarks/sat/satcomp2026-main/official/03e49a528251af9a7b7e1ca03c33b162.cnf.xz,198036,aaaf6e3265d0406a921f7bfdbed5effb252692b52c7595c56a4c63ccdc2e40f2
042cdc726a92bf0a2195b3b426f35bce,benchmarks/sat/satcomp2026-main/official/042cdc726a92bf0a2195b3b426f35bce.cnf.xz,826772,3246eabaec97cfc2f2cc1c71a0d253e0134c1d8df70576fc516c2279f3e1249b
043c91001968a1fbd1ef419540fcb396,benchmarks/sat/satcomp2026-main/official/043c91001968a1fbd1ef419540fcb396.cnf.xz,190908,430e5aa3c76fd17b25bec4cc7dfd60c513fc27045a681c5d5c4f7597ffcde2b5
04d0ae28e10d4a35ebab62f42f0200e8,benchmarks/sat/satcomp2026-main/official/04d0ae28e10d4a35ebab62f42f0200e8.cnf.xz,7549184,0e175381d9abc064be4b4b20280fa3a097a150223827546dc550cfe0ca0acc73
0757e47d262b75171c0040987e6d20ce,benchmarks/sat/satcomp2026-main/official/0757e47d262b75171c0040987e6d20ce.cnf.xz,98944,5044513c22dbae8b08559963934b69c24dd45816e921c651ab4ef4b7e6d0554b
07df5e6f674201e2bf31bcaa8866ba75,benchmarks/sat/satcomp2026-main/official/07df5e6f674201e2bf31bcaa8866ba75.cnf.xz,9461524,e0a06cfe2241bae7bd4192c4cbcb5eae039313089e8f5e9dd0c76f6ee0f12716
08cf53ca00dce11f5bfc02121c9bcd33,benchmarks/sat/satcomp2026-main/official/08cf53ca00dce11f5bfc02121c9bcd33.cnf.xz,31008,2f1cf3ad7791e2d98a352d2eae5ff7c785a87cae5ba57d9a1327163e7a4a2925
0922feab75c35d04d9b8df69013a6df0,benchmarks/sat/satcomp2026-main/official/0922feab75c35d04d9b8df69013a6df0.cnf.xz,90284,cf69d305ae3c610df95afc5b86a11031ff0cfd277b03d37f5ab132dfaef6721e
09637d3bd641b4d733666a862e8918ea,benchmarks/sat/satcomp2026-main/official/09637d3bd641b4d733666a862e8918ea.cnf.xz,191280,59a2a3e5dac0e375b56f1515ba8594e78d38da1673a33e7bc8fe9b2e177cf8f1
09e0775d2b51c49ec1ec4d214ee7c8c8,benchmarks/sat/satcomp2026-main/official/09e0775d2b51c49ec1ec4d214ee7c8c8.cnf.xz,388916,ef21743b713e04476a93d734d9777958fc982d86fd69ebe0b92059f5762a26b4
0aea4286a11d91ee8fa356d5db046373,benchmarks/sat/satcomp2026-main/official/0aea4286a11d91ee8fa356d5db046373.cnf.xz,422096,6fcaea16bf9fa0db0937d457f61630f721094af91082a8c09fd7c460df0d1200
0be1e12a8e7282d1a4e389bb90f6dbc7,benchmarks/sat/satcomp2026-main/official/0be1e12a8e7282d1a4e389bb90f6dbc7.cnf.xz,21568,786457d1794145e40cc51d3d05499bbc60091d21642ba4ee36e68f3af7dff554
0c9da400944b002f90fd385d4fdab385,benchmarks/sat/satcomp2026-main/official/0c9da400944b002f90fd385d4fdab385.cnf.xz,7841624,4b6bc8b33e5508719a545f042c6b202a914c9aa937e8d22df16bf01e4a43ca76
0cab9100cdd8505069301d658d085899,benchmarks/sat/satcomp2026-main/official/0cab9100cdd8505069301d658d085899.cnf.xz,76920,d5783a77ae7177d315c9fa96f08b48a05565fcef5b316d32282fefe00b36dd40
0d082b8fa36f662217bee5524cd24d3a,benchmarks/sat/satcomp2026-main/official/0d082b8fa36f662217bee5524cd24d3a.cnf.xz,20672,044289766271dcf5dc016a38b19d1e54d6282868e36d33772802b7be9e5c5171
0d0fabe0fbca67a8740ebe8b8621d465,benchmarks/sat/satcomp2026-main/official/0d0fabe0fbca67a8740ebe8b8621d465.cnf.xz,16497380,c84e4201e423188519c6773f93b3c7abd0af36f1ba8a3e0ad47cf2e74682c89f
0e06895600b5cd0b6fadb87e17bf8145,benchmarks/sat/satcomp2026-main/official/0e06895600b5cd0b6fadb87e17bf8145.cnf.xz,474816,2cc74d990a4d5a0a51585965b57474d96472228ddec8b131605e83b911b4afd4
0ec6bf97a96b9840ae84f1d1da4c4dcd,benchmarks/sat/satcomp2026-main/official/0ec6bf97a96b9840ae84f1d1da4c4dcd.cnf.xz,73812,0703cda44de19ff4bee999a7211fafd24d4a5f7a26c61aa4b9514abee5fabad0
0efcbd10294eb001b16b4d126923372f,benchmarks/sat/satcomp2026-main/official/0efcbd10294eb001b16b4d126923372f.cnf.xz,16084,67783efdd6f651b9906b8491a6b2383fc9f7f89ba656ee4cb4f64735e0cef07d
0f1070ba60b55aa62d3a98798a14700e,benchmarks/sat/satcomp2026-main/official/0f1070ba60b55aa62d3a98798a14700e.cnf.xz,42068,d1a0a5343657e12053055af094d826db6ff2b382304bb076195ad39c52282eec
117b99ffa16d21cb4ccb1c66829b0c7e,benchmarks/sat/satcomp2026-main/official/117b99ffa16d21cb4ccb1c66829b0c7e.cnf.xz,14092,5fbe40140104a031370d49fb5750cc9d2a787e82ae67e1fa15ec263f7e36ad30
1236c1406a2749b8022b5196e93de589,benchmarks/sat/satcomp2026-main/official/1236c1406a2749b8022b5196e93de589.cnf.xz,242624,5a75cf77838b0d8cab330c3979eaa0c54f8831b63830307c55b5ae01d67b91c3
123c397f55eeae78c45e8d973b8e9dce,benchmarks/sat/satcomp2026-main/official/123c397f55eeae78c45e8d973b8e9dce.cnf.xz,46548,49cb313ca86b32b444a0f9e6d7e2a8d5bcb5a117c7be0c6924a8764b921e646f
12535b3264a9c88bac14522171b497ef,benchmarks/sat/satcomp2026-main/official/12535b3264a9c88bac14522171b497ef.cnf.xz,25068,7114aeb023183e115eb2bfba53a4e79eca835decb517fed26c77adc31cf35abc
129162378e8ad29b5485a9c53feee4b7,benchmarks/sat/satcomp2026-main/official/129162378e8ad29b5485a9c53feee4b7.cnf.xz,100784,5d114f404e629a4fd8f34a6a57b9790b8b9164438ab68156c3eb4149a2193a48
12ac1c71ff0405cc150c2a2db6c4a255,benchmarks/sat/satcomp2026-main/official/12ac1c71ff0405cc150c2a2db6c4a255.cnf.xz,138940,ecd5f61022b98515b752a20b37819f843267c04e692ec4757b084514919a41b3
12cd0c3196589ac8105653cbfe613fc6,benchmarks/sat/satcomp2026-main/official/12cd0c3196589ac8105653cbfe613fc6.cnf.xz,120368,d03d9fc0c4d89a714b1737cc7094ba84c7046d5849db319ae802f660fbe868b3
1397d1d4d8d831069a2cdf911321da07,benchmarks/sat/satcomp2026-main/official/1397d1d4d8d831069a2cdf911321da07.cnf.xz,43656,188cfd1b57dfd19dac0f214d8bf86d1238d57a7dc320a646728d6cb63c917dcd
147ae051ca727d5b2af87223b2299fbe,benchmarks/sat/satcomp2026-main/official/147ae051ca727d5b2af87223b2299fbe.cnf.xz,308344,c8e3c2863b63798ddcbc3c30e393ad474cea11726a0d8c472afd4ea8a608dc83
15456f0d13b26f0b4b21525ef7d0d711,benchmarks/sat/satcomp2026-main/official/15456f0d13b26f0b4b21525ef7d0d711.cnf.xz,14188,1066d755132ccf69a4823d51d866a70dea0ef4a652eb49d5cb7266fc55d902e1
15e666a42158e3304fc3979de28a5e44,benchmarks/sat/satcomp2026-main/official/15e666a42158e3304fc3979de28a5e44.cnf.xz,39280,3a2dbe74bf1a7265a106065660b29bdaef2afa97b8c58732e35de27c65f27e04
166e1e5a9f63fcf94ddae8533fa2a090,benchmarks/sat/satcomp2026-main/official/166e1e5a9f63fcf94ddae8533fa2a090.cnf.xz,6936,55b43331bff9a2950a04c90992d581d4540015e3699a63525f834ab002ebb3c0
1680176921bab3f01c4f7c33791c8c23,benchmarks/sat/satcomp2026-main/official/1680176921bab3f01c4f7c33791c8c23.cnf.xz,232468,fffd0fe8a150bd3ea662ee883c16d7edcee01c49798b53350ae2c5f759938137
16ca57f2cdffd5b0260fc771017e1f04,benchmarks/sat/satcomp2026-main/official/16ca57f2cdffd5b0260fc771017e1f04.cnf.xz,14816,ee7202c885dc6eb9185270eb498b223319cfa33563e839a8fb5a087238544ee9
16f8b291c8cdedb5ca7210fa0eeb34d9,benchmarks/sat/satcomp2026-main/official/16f8b291c8cdedb5ca7210fa0eeb34d9.cnf.xz,43576,87a66ac4cc90efbf4d8d5f8fec7aaae7f2d7311b6340623f353fb62a24048516
1707c4c24e66b2cfe6c03955b638bebf,benchmarks/sat/satcomp2026-main/official/1707c4c24e66b2cfe6c03955b638bebf.cnf.xz,16596,afe61b95cee1433967927b76c1e636079dac80809bd82358b34ab41486136b13
180e6d8b61fe6bab26126b78591e324e,benchmarks/sat/satcomp2026-main/official/180e6d8b61fe6bab26126b78591e324e.cnf.xz,6366952,32011f483030197306b88c9cc705630a2f1ab47a02263ae87af132f5ed40d528
1890f49a43a94b97828528b68c32b78e,benchmarks/sat/satcomp2026-main/official/1890f49a43a94b97828528b68c32b78e.cnf.xz,4140,665c42979810e10eef32e9bf1a81b6cf85a35bd055d3b95ed0b85e661a5a64d3
1a3bef9e03bab1ed4e9e34506d72a451,benchmarks/sat/satcomp2026-main/official/1a3bef9e03bab1ed4e9e34506d72a451.cnf.xz,88424,29f51e31dfe2627eb988ed0235d240b9182bfbddc1ef82ccf40cf179db122625
1b9c308123cb2b48d1894fc6d1848f1e,benchmarks/sat/satcomp2026-main/official/1b9c308123cb2b48d1894fc6d1848f1e.cnf.xz,6169764,31b52d2dcf55cb27ef22362fd4f7e399ef86206862e314f29fd868b7bc89c71c
1bb9fe12b4fb50e98903ee87a51d6472,benchmarks/sat/satcomp2026-main/official/1bb9fe12b4fb50e98903ee87a51d6472.cnf.xz,189588,38652c2ec923f43facbe6e4cd3b0239d84aea040016d5541afdb791dedf52a49
1c0fe2ac410f3942e374ea72ec005d76,benchmarks/sat/satcomp2026-main/official/1c0fe2ac410f3942e374ea72ec005d76.cnf.xz,372436,078afdfe55d53433d4e08f252ff3184314a11fc8b5e78e39321f66e2095669e8
1eea3d913d346b900252d77fc0cb25c8,benchmarks/sat/satcomp2026-main/official/1eea3d913d346b900252d77fc0cb25c8.cnf.xz,57788,ca88570dde92913f4b5de2d6bc358ba725a5cd3164883e024ee6d5519e98ff82
1f81f7e009f501014cb23a8c2d41836f,benchmarks/sat/satcomp2026-main/official/1f81f7e009f501014cb23a8c2d41836f.cnf.xz,2097588,8ae9a79c73aee81e0e00e735fab186a6d13eb2373605d59557928d830ebf9abf
1fac905143027e3bf0932c09f427aa15,benchmarks/sat/satcomp2026-main/official/1fac905143027e3bf0932c09f427aa15.cnf.xz,14132,1d6e12d40a6849d1395cd09ca2ca132622bfdb565575c45bf0cb60df965411c7
1fb646d2657b6dd5f0106dbec9fd6c27,benchmarks/sat/satcomp2026-main/official/1fb646d2657b6dd5f0106dbec9fd6c27.cnf.xz,41928,70ba03cc3a6f523c417dbfa39bae5a3196b265e74971b0ec15009595b47a00f4
2027301e88cb029e4b47b747da8a180a,benchmarks/sat/satcomp2026-main/official/2027301e88cb029e4b47b747da8a180a.cnf.xz,54060,b1073271e7be197cacd861b778b70b06ff720eca2932ae07f8a196aacb763e40
20ae1404784ed226a1e3e4c9b2d61a41,benchmarks/sat/satcomp2026-main/official/20ae1404784ed226a1e3e4c9b2d61a41.cnf.xz,25624,80c4b79f14599d98f6fbc32db7ab605920faf1e30aec8d0a0a052a10d1dacc20
211b0708454f7901054f5f92f525972e,benchmarks/sat/satcomp2026-main/official/211b0708454f7901054f5f92f525972e.cnf.xz,8952,11ec8f65162e756d49591b018038ae16d13e954cdb650848900cd1c52afc731d
218f0eccbff400e06c9736bd759c1d3a,benchmarks/sat/satcomp2026-main/official/218f0eccbff400e06c9736bd759c1d3a.cnf.xz,20748432,343e532ee6dd92363a7174b649144e47ae5462402c56ba952712b2d9e7e8aeb2
22465e251284b8f3e48bf9a06a94855c,benchmarks/sat/satcomp2026-main/official/22465e251284b8f3e48bf9a06a94855c.cnf.xz,2996908,1dd8fb5c81e498ef502ac0890a95191d9a0d207cef093dee106841c9ad0b8b17
22c8d6aa86d51e15ef5ab37479eda22b,benchmarks/sat/satcomp2026-main/official/22c8d6aa86d51e15ef5ab37479eda22b.cnf.xz,774932,e2b04ee0e5224d6228eb0729f0df6d6514e9b3c1b37c2a7b34a4d238f534ffb4
231f3a169120d3cda9f8feea88a20d85,benchmarks/sat/satcomp2026-main/official/231f3a169120d3cda9f8feea88a20d85.cnf.xz,12780,0d17efd32b7226e442ea8678a6daa00c190c702a1ec3997f44d5ca4afe310c29
23daec2c71ce3c1e346e6042f3dc42eb,benchmarks/sat/satcomp2026-main/official/23daec2c71ce3c1e346e6042f3dc42eb.cnf.xz,11916,fccdbf2c8ef467bb3ecaa5095defcfd8a87f6d1141c175020a44d2360d85571a
247e42e46495f1c4b8707e497af8c93e,benchmarks/sat/satcomp2026-main/official/247e42e46495f1c4b8707e497af8c93e.cnf.xz,30660,9500dbeaceb88b9a16e7ff5ca17684d3984dbb631a72726fba3c4b514ce55057
2563ea83d8508d635cc034d80014cd72,benchmarks/sat/satcomp2026-main/official/2563ea83d8508d635cc034d80014cd72.cnf.xz,307216,964edd9fe2f11086171d3aeb3685682a2ee8e37dafef97ab4a11c19dd28d49ab
262a226a47330987f038128579967405,benchmarks/sat/satcomp2026-main/official/262a226a47330987f038128579967405.cnf.xz,26352,48dadc9f0571aa9f649b0be8b61d365a0587bb19894ed477a6ecfa6c4f6dad33
266e890b706cf336378bf148bbda1aff,benchmarks/sat/satcomp2026-main/official/266e890b706cf336378bf148bbda1aff.cnf.xz,11044,ff8adaab784f0655ac2e249bf18d36bfb80fa1c812f48d690ac5c27208c65fcc
27495ba0093076d2e39a9b218e521ee2,benchmarks/sat/satcomp2026-main/official/27495ba0093076d2e39a9b218e521ee2.cnf.xz,7568,6a9f85c1abf97a2caae943dea264192633ae4fed71ddb3a276824522ed8e5b7b
276c46723eeb15ec37be224fbbd67574,benchmarks/sat/satcomp2026-main/official/276c46723eeb15ec37be224fbbd67574.cnf.xz,1501212,ad4d68cf1221290e94b6e39a1412d751016ab320415a641c7867fa7a6763c374
284dec9d0d0404c8b80d8bd8064e4c68,benchmarks/sat/satcomp2026-main/official/284dec9d0d0404c8b80d8bd8064e4c68.cnf.xz,216196,3da805b9868a84a6595089f13f50afef5728ea804d145f3728db3a68937b77fd
28dcc4119e1bbb5fbd3fdd8f4140f28d,benchmarks/sat/satcomp2026-main/official/28dcc4119e1bbb5fbd3fdd8f4140f28d.cnf.xz,20660,fd1a85d649339edcf30f8e1db79247fc3eb2bb88cc9c68ca59c35d9bb917b9b6
29a27e97790bda6c34808f631dd0418e,benchmarks/sat/satcomp2026-main/official/29a27e97790bda6c34808f631dd0418e.cnf.xz,7072,ecd69586e1e5c8504a05b52c9d3077600527c597bab5504d432fcb1b9e6881a1
2a38c5d48846ee1c35c4c40938082a16,benchmarks/sat/satcomp2026-main/official/2a38c5d48846ee1c35c4c40938082a16.cnf.xz,21360,13d63f9b0117ecf36945fef7b02cbd33f478295a21172dccc3f5deba9997db1d
2ae678a4f0b8097615160a440efbe08e,benchmarks/sat/satcomp2026-main/official/2ae678a4f0b8097615160a440efbe08e.cnf.xz,7214932,edc5124b3566727c6c79a6268b303bdbb44846a11d62cf08fbd005a77cca5c2b
2b35377a7b95f24449a3b607b61fff05,benchmarks/sat/satcomp2026-main/official/2b35377a7b95f24449a3b607b61fff05.cnf.xz,274964,83c982a9cd0af92c163a08675f571ac52ca4057bf6ff53a590650482e708a385
2b7e863462991fd008f9898eca63ebf4,benchmarks/sat/satcomp2026-main/official/2b7e863462991fd008f9898eca63ebf4.cnf.xz,1307872,27d53da0773111b8dd867521e5303422aa3cdb15b7990a7a41e82bca92405436
2b8cac8e1f5cad04696004e7fbf5cf2e,benchmarks/sat/satcomp2026-main/official/2b8cac8e1f5cad04696004e7fbf5cf2e.cnf.xz,273564,b57156e7b5831160836f2105ec2b3d10088512b8e41edeba86e09efa54f2ee72
2bb63853a9b8b9b9327a142210a9f437,benchmarks/sat/satcomp2026-main/official/2bb63853a9b8b9b9327a142210a9f437.cnf.xz,509688,fbc8b47d1fbc086ed5d264b5d450ff1e9c0b35bcb03f0e4d01a821fe41084582
2bbc3327d89b59591b89b5d5a486f037,benchmarks/sat/satcomp2026-main/official/2bbc3327d89b59591b89b5d5a486f037.cnf.xz,418112,6318688967c76e8f04ab4b6f21ddfd88643b6da9e28ceaea1b799f9f4002410d
2c4491c50d4df86e7c1838083cedc703,benchmarks/sat/satcomp2026-main/official/2c4491c50d4df86e7c1838083cedc703.cnf.xz,368228,d8278063341393a1c122fe157814371257a00ef26f671f7cdff0e21e8750742a
2c458ef30d7b670f143d6c6e175e3ee9,benchmarks/sat/satcomp2026-main/official/2c458ef30d7b670f143d6c6e175e3ee9.cnf.xz,9370440,cb2e93401596c6b50a81380ed54ef3b3290d282d7447f0bb271a88e0df7181df
2ca47af4ab7a817725138b8b66e9af7f,benchmarks/sat/satcomp2026-main/official/2ca47af4ab7a817725138b8b66e9af7f.cnf.xz,20208,ebcf588bb6e225c9e8f9e96a854f058d551ef367bf5e1dcf96a5e79134be5a52
2d261a19d2754d92da3ddff04fda23c8,benchmarks/sat/satcomp2026-main/official/2d261a19d2754d92da3ddff04fda23c8.cnf.xz,738080,be9f0f0b38fb0b17ad03e12a7075bb21b85cd12111bad987f365761f1e3908ba
2d89fda1bd6a761ca5e2f4bb89202681,benchmarks/sat/satcomp2026-main/official/2d89fda1bd6a761ca5e2f4bb89202681.cnf.xz,30172,43f6c0c529c862fb07cde9bc4b796e35798d0ff1c35cb7654eb7502878b5b857
2fcd8533eba981967292f1b6e41f7433,benchmarks/sat/satcomp2026-main/official/2fcd8533eba981967292f1b6e41f7433.cnf.xz,19240,d9ed0a979fff210dc7101c8d68682f46d02533e6d70ded170f2c0ff9cb7ea3d7
3005623c4df6f5056a41a26d0f173e70,benchmarks/sat/satcomp2026-main/official/3005623c4df6f5056a41a26d0f173e70.cnf.xz,214580,f1d2c1fde774f259226df4234abbbb1bc0afbd660862d6c45e6b87e55b700234
306a29e966fa6293d407bc7ebbc3ecb1,benchmarks/sat/satcomp2026-main/official/306a29e966fa6293d407bc7ebbc3ecb1.cnf.xz,194872,5549c5ef5212a5da48aeb2568df40e6cc10e930a66c6a3bb891d2a80d762db0c
30c6fa5c4f5910029b782b712844c93a,benchmarks/sat/satcomp2026-main/official/30c6fa5c4f5910029b782b712844c93a.cnf.xz,30588,67f93afe7bc44211ec6a317ff14fa73684126df6b2ff794cc9f1b9da3dd40c86
30e8b47741a4104c01eeea1d00bbce9e,benchmarks/sat/satcomp2026-main/official/30e8b47741a4104c01eeea1d00bbce9e.cnf.xz,5134880,092ce8b6c4804edf4b56eccc3c6f2f384954daa8abd40559af7c642974736dea
31fa00368fc99b15c33c04eb6b257deb,benchmarks/sat/satcomp2026-main/official/31fa00368fc99b15c33c04eb6b257deb.cnf.xz,4662784,373fa52f8095df9ecbd0611de1d64637777fd7f0654004ec4435473667d69cc5
324b2441c6f1fa9d5f3cf3a4c8447fc7,benchmarks/sat/satcomp2026-main/official/324b2441c6f1fa9d5f3cf3a4c8447fc7.cnf.xz,3233816,8036062e105f08ae1cead3f9b7d1c2c58a65037968b54986d7518d3df1360aec
32e344a5ab3af245f982678d2b751c6d,benchmarks/sat/satcomp2026-main/official/32e344a5ab3af245f982678d2b751c6d.cnf.xz,17960,64a2eba5d44ff850789de5fa7ff854c3ff90c428c5c25a5ece08f91bd6057ac4
3367ba4c01fe07b385980a14211f250e,benchmarks/sat/satcomp2026-main/official/3367ba4c01fe07b385980a14211f250e.cnf.xz,1354628,1f1239b55cfbc7b573e209c596d9fabb44143e62e97b3b977892cceb8483b26d
337ee3de87f824f99508e65faa6e1a0b,benchmarks/sat/satcomp2026-main/official/337ee3de87f824f99508e65faa6e1a0b.cnf.xz,509212,d6f749f0e4ae6ee573fb553f18ac9b3fc24448d303b261a4d0a4a0670d0296d6
33c8aca6a52d10e040da959439834d6a,benchmarks/sat/satcomp2026-main/official/33c8aca6a52d10e040da959439834d6a.cnf.xz,208836,cc5cb7168af45ef7b53c9ad1fe552497f2703eba81b0f4af885bf380c1088ac0
34360a677fc854189c982294853e6891,benchmarks/sat/satcomp2026-main/official/34360a677fc854189c982294853e6891.cnf.xz,1116452,2d09dc9608b5adc50e8937afd369091f01aa94f603e9647fdd65176d2d850947
3598c10125496ad7218852effc5c711f,benchmarks/sat/satcomp2026-main/official/3598c10125496ad7218852effc5c711f.cnf.xz,184252,0091aa857e6bf274d6afff1c2bf215c12107d8c06a63a1fb3e19cf02d2f8fa51
35e0b5a19c88961d98dd806e805759f4,benchmarks/sat/satcomp2026-main/official/35e0b5a19c88961d98dd806e805759f4.cnf.xz,10588,63224ab10a8b467fa30ac73223a96b4d05e5ee9a4a3b08dfe3047523e86c2913
365a02a7d781d655bb2a64d2273a2d0c,benchmarks/sat/satcomp2026-main/official/365a02a7d781d655bb2a64d2273a2d0c.cnf.xz,1077656,80418c1963d9ca30b49e0e4ae833913e060cb65d351c5f25289a868d8eb388fb
372021735d9e46002b862aa2a038a818,benchmarks/sat/satcomp2026-main/official/372021735d9e46002b862aa2a038a818.cnf.xz,92300,f6a498b834deb507b409b2f9205deba00f5add7dde2a16dbfdd0110be6c3767e
3732b6ac50b1c3f28d72247de89b00e8,benchmarks/sat/satcomp2026-main/official/3732b6ac50b1c3f28d72247de89b00e8.cnf.xz,9453192,bc7375f6b7665f32a13624ed5bc59310599bcbf4cef1be0d1318a02c5e52940b
37c88155822f1934a190dd6f4614f0ce,benchmarks/sat/satcomp2026-main/official/37c88155822f1934a190dd6f4614f0ce.cnf.xz,5675156,94e56083799d0b33697c819c57944cbb9b1698dd5dd3a94d5bb6b4039931edb8
37fa67bd34cc613f3fc6954cdee943c1,benchmarks/sat/satcomp2026-main/official/37fa67bd34cc613f3fc6954cdee943c1.cnf.xz,264380,2c2a96379219a1db32a108a2f7124c1f348423f285ab38d518e658a6ed51c9af
3a8409393cc1ebae1444a079d216f221,benchmarks/sat/satcomp2026-main/official/3a8409393cc1ebae1444a079d216f221.cnf.xz,55072,b98ee7504935e43d1d70def68b09558a5e0eda5f1e94888b76efe4a45b32f1c4
3a9dfcbcb56689f1118fd7a2150c3c0c,benchmarks/sat/satcomp2026-main/official/3a9dfcbcb56689f1118fd7a2150c3c0c.cnf.xz,490432,c486755fbb0353b274d484dc8a43c7c8f3364101e3c74a5a0a75630cddff448e
3b0eeddcabf36da8642c5774ac67680c,benchmarks/sat/satcomp2026-main/official/3b0eeddcabf36da8642c5774ac67680c.cnf.xz,20474552,88f43ab4c0b5eb4aa635b2c758f48612dd7a7c840735ac40955c174f4f064f41
3b560b9eafce79a4ac3c1062a9e72028,benchmarks/sat/satcomp2026-main/official/3b560b9eafce79a4ac3c1062a9e72028.cnf.xz,12573504,24f976b1ff47feaf058d189d5e6ab87904b005b55f0b390942b44068856515db
3b608084b3caae2e9517a2d58cdcd275,benchmarks/sat/satcomp2026-main/official/3b608084b3caae2e9517a2d58cdcd275.cnf.xz,907532,38bfcc5352aa2f072f6bad1002da343f03b58da3775e78437d2814532134aeb1
3c4ac805726d78a869ff8116ee3533db,benchmarks/sat/satcomp2026-main/official/3c4ac805726d78a869ff8116ee3533db.cnf.xz,7408,b2abfe9a34599f0d6d21a694640f292af5676567ae0b0b89e65e206f22a2f614
3c51a565526faa922fb298a2658440e9,benchmarks/sat/satcomp2026-main/official/3c51a565526faa922fb298a2658440e9.cnf.xz,10444,85df2be6f6e4589e49f617c3335907cd9ad50b9495553c2e3d6f27782dcf6935
3e44926d72e94f5ceccbb69de24033b2,benchmarks/sat/satcomp2026-main/official/3e44926d72e94f5ceccbb69de24033b2.cnf.xz,5879736,daaa924faa8b43fc1bd664e1bbfa78781e5c4dd45171fc4f626e3719b5fb4f61
3e7d8073c795d263ed862db64cf9f0fb,benchmarks/sat/satcomp2026-main/official/3e7d8073c795d263ed862db64cf9f0fb.cnf.xz,22108,f2577b0b8912220da57bd6afa9b545ac116f3a14a35a5d1dfc46e526eb6153b3
3e912cd2a499b8f956246b866e2f9f64,benchmarks/sat/satcomp2026-main/official/3e912cd2a499b8f956246b866e2f9f64.cnf.xz,63492,6da75bcffb227f265ca69426c2da6ebfb91b5f9155926ec8e4b570e38173908b
3ed56242f55e3653dbceeb4a70221787,benchmarks/sat/satcomp2026-main/official/3ed56242f55e3653dbceeb4a70221787.cnf.xz,158796,0926e37bd13c8bb20a0a87e36d397627af8fff8ba891923e955637d625f04684
40ae60a61929b6bfa2ac99ab4b9a0f7e,benchmarks/sat/satcomp2026-main/official/40ae60a61929b6bfa2ac99ab4b9a0f7e.cnf.xz,3710080,64619c15928d1721621dc3e14bf03ae04a79bd379c7c7fd2cb30d01505579c60
416e33a8463911546e4cd87d282a7e1e,benchmarks/sat/satcomp2026-main/official/416e33a8463911546e4cd87d282a7e1e.cnf.xz,10764,a7239dc5ef6512d1409648a0d6388f753a77d6459c1ea6068cda861af3cb4322
425c81fc3af7f5124b6282583d80df11,benchmarks/sat/satcomp2026-main/official/425c81fc3af7f5124b6282583d80df11.cnf.xz,11736,8e7f685bb4bea5ecf7b9d41da4e6c9abb0d46f21851fd92af957ef21de79daba
43c298c756cac6d547a0457c2da7e468,benchmarks/sat/satcomp2026-main/official/43c298c756cac6d547a0457c2da7e468.cnf.xz,12888,312d2df2ee1053a8f10ab05f5e59b6a0c5a73ae62105b90b0dea97ac86a35308
43d40ced32b5be08814ef24f97379654,benchmarks/sat/satcomp2026-main/official/43d40ced32b5be08814ef24f97379654.cnf.xz,3436,bf4494ed542a98bcabd251c6a8a48b46dfd560b9808dd6af0fb5a4f721169a14
44196693d2cfdb787ba578eef4272f74,benchmarks/sat/satcomp2026-main/official/44196693d2cfdb787ba578eef4272f74.cnf.xz,76721956,fd8144678868d948b5d1183fd0f4cf2fdd839912c4657a4b6357efc48cb2f19d
4430d3502b0b5e6f4ed473437519e609,benchmarks/sat/satcomp2026-main/official/4430d3502b0b5e6f4ed473437519e609.cnf.xz,9734920,4572505d7bb9e8387efab150e6ebd534384215e7a10f668867718899b720fca4
44452f4bac1e77157bbc900c5cc0756d,benchmarks/sat/satcomp2026-main/official/44452f4bac1e77157bbc900c5cc0756d.cnf.xz,329712,addab9ce0913735478db594435bd83a702006ba16831a094956ee40bd1e9e867
44b7d2c8d08574002ac959e6d1ef30ae,benchmarks/sat/satcomp2026-main/official/44b7d2c8d08574002ac959e6d1ef30ae.cnf.xz,395288,e29eb211bc3497e73b86d734935f036374fb6eb36cad52f60eac97da14ba3863
4551c996fc6f5fbe62b43076abb25077,benchmarks/sat/satcomp2026-main/official/4551c996fc6f5fbe62b43076abb25077.cnf.xz,6366848,cc3ed14357ee4977140c2da1a456d011ea2ec4991f3bee42f9fa035b2bbb8271
45a09efb026036ff4b8d19024a7563a9,benchmarks/sat/satcomp2026-main/official/45a09efb026036ff4b8d19024a7563a9.cnf.xz,134428,ba542e45040229708fa0170da9a7a77108ef1ecd004b6ba069f089c2892c31f7
46dc5e955b1fb541678d0634389353ac,benchmarks/sat/satcomp2026-main/official/46dc5e955b1fb541678d0634389353ac.cnf.xz,843912,be380e6f6ad9df9733c7218b43599765fd7585255cd23da8afc8359c63437d86
47173e8ab499159d3aa301b0101fe170,benchmarks/sat/satcomp2026-main/official/47173e8ab499159d3aa301b0101fe170.cnf.xz,157396,27b0390a1174be90dc23d24eec278f87efaeb1cc09dea25b0a5d7ad4df9d8f9d
48432767076e402d2accbf2da7260885,benchmarks/sat/satcomp2026-main/official/48432767076e402d2accbf2da7260885.cnf.xz,170092,b244c2a5d415cb7ae0c288029535f5c7a63675af18483e4a0ea9900dbe94cc9d
49644428681a87666a68fc9380dce072,benchmarks/sat/satcomp2026-main/official/49644428681a87666a68fc9380dce072.cnf.xz,14771384,ec5e4f7bed2a243ecfccc3c07a77f8f35524cde7ba67ff65fad04944b9f6127e
4989239fbeb6eb40fc0b664d9ba92636,benchmarks/sat/satcomp2026-main/official/4989239fbeb6eb40fc0b664d9ba92636.cnf.xz,495616,1f50ef832e11b8369fcd75a46386c16d540f22dc04d77a17d7616debd3499f32
4aab4f954196d3277d9ca7b17c52acca,benchmarks/sat/satcomp2026-main/official/4aab4f954196d3277d9ca7b17c52acca.cnf.xz,20656,39b886a6f9bf6a942ee684c30d0a1647c060e48e46ff8410c6d7e82c2e4aa592
4ae685a11b5cecca76dc3d463481ce92,benchmarks/sat/satcomp2026-main/official/4ae685a11b5cecca76dc3d463481ce92.cnf.xz,9028,4bd01793bd77bba44c7aeb79600b34c5c93984c9cb7a59fa8063c2b13e6af932
4d6bd7b2c674fb67b271127586914b74,benchmarks/sat/satcomp2026-main/official/4d6bd7b2c674fb67b271127586914b74.cnf.xz,14840,2cdb6a1c1c3c991b9d6b853105dd8223659cb6cedd984a2ca6144f31a47c0c33
4d84e818a5ab324dde37429dd2455551,benchmarks/sat/satcomp2026-main/official/4d84e818a5ab324dde37429dd2455551.cnf.xz,29980,4ae93592a11fbc5e7b5783165d4db1d79b81044e36aad4e6a28777bf9d1be2c1
4de5b7b3c8bf44b2e8c549128bc936a3,benchmarks/sat/satcomp2026-main/official/4de5b7b3c8bf44b2e8c549128bc936a3.cnf.xz,12854404,dc8aef2fae9088a5c8b2887527653638c36b27173228e780cec3694dd703ace9
4e0de894799790b06e8d6c3efd109ade,benchmarks/sat/satcomp2026-main/official/4e0de894799790b06e8d6c3efd109ade.cnf.xz,127478356,a2688bc55e3d19e8c25d57f9b9b54b683abaea5ef4f257df8d9602fe6c1128d1
4e64ffc14db014d5591f40865376c32a,benchmarks/sat/satcomp2026-main/official/4e64ffc14db014d5591f40865376c32a.cnf.xz,1498868,7154453b7d13549a1c05c5f05b897c685373dcaa079328faf8a82a973faf14e0
4f09ef861ee74e50dc101765e1ce27fb,benchmarks/sat/satcomp2026-main/official/4f09ef861ee74e50dc101765e1ce27fb.cnf.xz,28500,2ed59d88d2d2213f2a77f3eabe11ff1f8268dc9a9c49cf18311e770607e86926
510df610f94d5d57073a2c3b694dac4c,benchmarks/sat/satcomp2026-main/official/510df610f94d5d57073a2c3b694dac4c.cnf.xz,885460,aa07261d1fa20e7a9d37c0d615c743617311bcc2b3237814cea5509c7f0a2d38
511f1794698a8620c18a7cc32cfc7776,benchmarks/sat/satcomp2026-main/official/511f1794698a8620c18a7cc32cfc7776.cnf.xz,30768,993249df622cec21e976bb0999f09b319ca4a25d7ee03356e9d47c9aff306d7e
515511be3905018ae7e6eb7ba7064d72,benchmarks/sat/satcomp2026-main/official/515511be3905018ae7e6eb7ba7064d72.cnf.xz,508944,3bfcf3b34524ee1e354e05a0cc5ea6033c3e0cda208c3dbae12abbe467a36677
5220b0e01fb49440531004bebbafbc44,benchmarks/sat/satcomp2026-main/official/5220b0e01fb49440531004bebbafbc44.cnf.xz,44963472,ec1904e9efd417efeba30e4d40dd943010b56a733b83664c9fd0504493e8ec2d
5314fd6ccb53b6f6af49a594ea68a273,benchmarks/sat/satcomp2026-main/official/5314fd6ccb53b6f6af49a594ea68a273.cnf.xz,4260628,51907671051cdecfab72b2c27d8cfc767b926a6203e58771251fc0fe06d22c6a
53d23b2b464a5c041114eb1f00cc4b81,benchmarks/sat/satcomp2026-main/official/53d23b2b464a5c041114eb1f00cc4b81.cnf.xz,203520,f213a747035b188289a0928f551dc65c0520a4b0f9ce4cba56a35c1543268999
53e8a231196dfdf1baebfa2f29646f14,benchmarks/sat/satcomp2026-main/official/53e8a231196dfdf1baebfa2f29646f14.cnf.xz,1354808,fbc8f923e4031dc22614d5d08dcc2ce42e15a79244ab35010c2e9ebb536bd301
543e67dd5abc272c37775b1b742a1d9a,benchmarks/sat/satcomp2026-main/official/543e67dd5abc272c37775b1b742a1d9a.cnf.xz,2773884,a0585ffccd9c6581e3e169325943b4b3dec3853d8187d8fd8df1320a73503984
546a73eef02dda3719018050b09e9392,benchmarks/sat/satcomp2026-main/official/546a73eef02dda3719018050b09e9392.cnf.xz,146940,63eda4de4b0f0f85dfc676158c45d1b5b06d2fe6617958af2053c5136f8a3cee
553b056f2651fdc182ca74174aa8ea10,benchmarks/sat/satcomp2026-main/official/553b056f2651fdc182ca74174aa8ea10.cnf.xz,878484,8593873c7014acce840f2c41b5071a615c94d29d019203a7d9e97952813975bd
5553fec254b32349e0e48c7ee1e2d6c7,benchmarks/sat/satcomp2026-main/official/5553fec254b32349e0e48c7ee1e2d6c7.cnf.xz,2734388,f136c4165ea3f39d2a1b594bec328cd2c3d73a4ec88cf1caeaae9ab1a6a4d073
57f6bbfc8be5a981322fe9991209aa33,benchmarks/sat/satcomp2026-main/official/57f6bbfc8be5a981322fe9991209aa33.cnf.xz,68516920,66882c9e3d74d5721918fcc26cfa7c6a3f3292993a2b5bcf712785b7b03fc21b
58eaf62034046ed4fc52562869569b44,benchmarks/sat/satcomp2026-main/official/58eaf62034046ed4fc52562869569b44.cnf.xz,15916,ecc05d55382bf363a6a1337fc801b601e743198572863c6e51960314f9bdc6a2
59b585a33d30e6b7a476ed52a3f0384d,benchmarks/sat/satcomp2026-main/official/59b585a33d30e6b7a476ed52a3f0384d.cnf.xz,29449828,3be110dd3a48d647f07cf70be3ec9a7298023b2a245e6abc631f3928f4d08dc9
5ab5ac8d66c7e375037f12a536baf721,benchmarks/sat/satcomp2026-main/official/5ab5ac8d66c7e375037f12a536baf721.cnf.xz,21384,39a6f26838bde467f6b473c24d40fd9c5049aaa1311148aeed7ef0e417653c4d
5babccd4bf9b270acf0568bba32313bd,benchmarks/sat/satcomp2026-main/official/5babccd4bf9b270acf0568bba32313bd.cnf.xz,117539856,35705e45e155ce0e6b36234f8844388a525d5353a27c0f154feb6fccea2d47be
5cae5c0629ce1c724746af890410cfc1,benchmarks/sat/satcomp2026-main/official/5cae5c0629ce1c724746af890410cfc1.cnf.xz,191864,b1add2479cfd25276c6f4d2c8536ac1e9712d78741c9abfab68017c3881992e1
5ce7d137442bd97a321a883c425e4634,benchmarks/sat/satcomp2026-main/official/5ce7d137442bd97a321a883c425e4634.cnf.xz,813208,fdc5a00392021dc9a45e7054fadb59dab132ce060e1ada3c3cb6b9fa35969878
5d02aa18eac7304c705577f1cce07784,benchmarks/sat/satcomp2026-main/official/5d02aa18eac7304c705577f1cce07784.cnf.xz,444720,842ae95a235373c1b847449af250cac1a3785d4e635efa0674cbe5ab399861ef
5d06225b27017e9a703f10cb577cf3bf,benchmarks/sat/satcomp2026-main/official/5d06225b27017e9a703f10cb577cf3bf.cnf.xz,16172,00d23077628c39109e8d0f61f04813b13f5165c89e7d1646fc401f88559ca622
5d8b47745dba3fe50f9c8712be389cd5,benchmarks/sat/satcomp2026-main/official/5d8b47745dba3fe50f9c8712be389cd5.cnf.xz,22588,1ecca1215f1b45074b07aba368b449e8adc09c65b499eea2cfe98a75419a5484
5de866bc7ff4dfde3cd682b5aca75894,benchmarks/sat/satcomp2026-main/official/5de866bc7ff4dfde3cd682b5aca75894.cnf.xz,53200,38f5eb4e7f3e7eb27370061732f4c03e5978a0de55cfeb0aa2f5ddfd34539505
5e1f1759de9bf931a8e26dbe7dd5b212,benchmarks/sat/satcomp2026-main/official/5e1f1759de9bf931a8e26dbe7dd5b212.cnf.xz,9288400,89483a8d14ad23acf4f0a2238036af98a377ce3000a5ae704e6c58aa632d6809
5ee05ef0bcb42cb12bd698978c05178c,benchmarks/sat/satcomp2026-main/official/5ee05ef0bcb42cb12bd698978c05178c.cnf.xz,3820,66d7f17eea156796d678d2f3cab23b827b20cf402eb10ece59a542c267dd7119
5f65b4cceeb01c56e037df144309b29e,benchmarks/sat/satcomp2026-main/official/5f65b4cceeb01c56e037df144309b29e.cnf.xz,468168,111d09d46edc7781c3c14329861b65a1e72fd29b2667fe4d55dedaf8798ffeed
5f729f069a233fa88dfb470bbee7c924,benchmarks/sat/satcomp2026-main/official/5f729f069a233fa88dfb470bbee7c924.cnf.xz,377880,c188f0397714636417ea513c10b23fd583dcce25d3fe343e0696e40c73b1b872
5f81a94799858590a2bc96db917bf894,benchmarks/sat/satcomp2026-main/official/5f81a94799858590a2bc96db917bf894.cnf.xz,23328,dbd5be741afffcad0894daa65cd435de4027f03d3721825ff76e41a10b142019
5f9d0127b390a4686171311d38f3fbf8,benchmarks/sat/satcomp2026-main/official/5f9d0127b390a4686171311d38f3fbf8.cnf.xz,7635752,47a4fb674bdf7e393b5227d8ddaea82f71b6c805be2f98838bd5a2a085a1cbd5
5faba478cb08194407b5ec957ab08599,benchmarks/sat/satcomp2026-main/official/5faba478cb08194407b5ec957ab08599.cnf.xz,828252,69af7b88b5b803cb12364d266a47e3f178c298dee6d3e268b6a1215e9a524c67
5fb5e437292532efe687ac6f74a9cb76,benchmarks/sat/satcomp2026-main/official/5fb5e437292532efe687ac6f74a9cb76.cnf.xz,423080,e758d028c97c225fc0ae8b8d2c06cac5ad5010b313ca2781feccf252bbadc741
61fee64c8fc7f05b97a2bc14c0c2bf41,benchmarks/sat/satcomp2026-main/official/61fee64c8fc7f05b97a2bc14c0c2bf41.cnf.xz,29304,543dda1b6ac02d4b4a507aad0e59dcaeb9feb8cb1cda190d0d9cbbfc11449e43
62060247cd0ad566a828c30571c2c774,benchmarks/sat/satcomp2026-main/official/62060247cd0ad566a828c30571c2c774.cnf.xz,13636,f6defd6b499e7e3b128c737227ea006c67efd976cf19aea2e6d4ccdf70537ab5
626c368587dd880086afc7b3fa1e6f27,benchmarks/sat/satcomp2026-main/official/626c368587dd880086afc7b3fa1e6f27.cnf.xz,4999044,25787e9ebc8f8ade1369be66a32139eace3d6a1eda795c824806b5a8c68fd7fe
62eae28dcf3170b1547fb5db73e6a295,benchmarks/sat/satcomp2026-main/official/62eae28dcf3170b1547fb5db73e6a295.cnf.xz,118732,5bb10b4c3420c7342eb83958f6fe4351749a1ea5333e2212338e9207d711b87d
654241eda3e1283f4b139192d1db055a,benchmarks/sat/satcomp2026-main/official/654241eda3e1283f4b139192d1db055a.cnf.xz,546828,287ba87815255945bdfa808688bbe867eb21a4965c925670458fcf8bb82d7784
65bf849f3e86ab275e339934f4d140a0,benchmarks/sat/satcomp2026-main/official/65bf849f3e86ab275e339934f4d140a0.cnf.xz,91540,ad086863ee05380ffd12bdf2a1c32b1e8a565ccfd134eeb0cee2b10e93ad34d7
65ee6b49612eccb7d213e4d950f23677,benchmarks/sat/satcomp2026-main/official/65ee6b49612eccb7d213e4d950f23677.cnf.xz,15320,1b28a81186b2ce4c2e034f05dbba68cbbb4a52c98da4bef8dbcd9a11af491c19
66204949278cdd9d81e102eace6d4669,benchmarks/sat/satcomp2026-main/official/66204949278cdd9d81e102eace6d4669.cnf.xz,9948,212531b4a21d4faedef8e23b86b069055527fdbef6231fee34deb69b12446461
667341ee8c1dea3db613db317e2b2c33,benchmarks/sat/satcomp2026-main/official/667341ee8c1dea3db613db317e2b2c33.cnf.xz,16608,bf648108922eb9d3884c4c0e45985cf6c3d1788f62ea5cfb8b33e4f4651ed4c4
67133027ab55906e3b757148ca7011dd,benchmarks/sat/satcomp2026-main/official/67133027ab55906e3b757148ca7011dd.cnf.xz,3216488,7227d6e14eb0db71c76d91f46f7558726eccb697261a767cbdaa4a14fc33076c
6793abe982f9d5f9646f6657e13ecc39,benchmarks/sat/satcomp2026-main/official/6793abe982f9d5f9646f6657e13ecc39.cnf.xz,1017672,b8065e8d92b046aadbfe8522e3346146c723375c5926e09efe6d2acb8dacb3f0
68ef4b1ed6a28c75defea64bb7d53e06,benchmarks/sat/satcomp2026-main/official/68ef4b1ed6a28c75defea64bb7d53e06.cnf.xz,76688,b32aafcefcf4dd788797366eb0ad798a2d6c90f71493a07cc44e3948fff2eb5d
6ad453d6174581d982c4e75e37a38d79,benchmarks/sat/satcomp2026-main/official/6ad453d6174581d982c4e75e37a38d79.cnf.xz,9408,aee74649d8482dc078f189d8705507a736ad015caabfc65f31aafc6b794b1b80
6add7e416c1126607afeb2666af330ac,benchmarks/sat/satcomp2026-main/official/6add7e416c1126607afeb2666af330ac.cnf.xz,440320,10596e61638ee0d2ca9b243dcfd00c464d0f6aabfffa60902acbc2fec55296ee
6cd46641ebd4c840b8f116d14ca17dfd,benchmarks/sat/satcomp2026-main/official/6cd46641ebd4c840b8f116d14ca17dfd.cnf.xz,712528,f6de0a5e516877cd29562aa2d9110ad0a0136ad110488bfba68166d6eb260e2d
6cfd9ef85d9f6e62dcbb9a4fd9334c90,benchmarks/sat/satcomp2026-main/official/6cfd9ef85d9f6e62dcbb9a4fd9334c90.cnf.xz,489132,378d482b5031ba2f762ad5d95d767e6f7eaa77bb318d373adee414c24f20867e
6d815089fb4095208754622b4c44a8f7,benchmarks/sat/satcomp2026-main/official/6d815089fb4095208754622b4c44a8f7.cnf.xz,48064,d89c01353b01ef1b1878523b832d1ed80c0f6829638e62b88ffc402910478c3e
6db4b3f59a1e530ca5309d8a7544f5c3,benchmarks/sat/satcomp2026-main/official/6db4b3f59a1e530ca5309d8a7544f5c3.cnf.xz,772480,20c9e226e63078b65d715ca320a16175ad044a02784c9bd312e47bad1fe80b61
6ddda96839bb24cd7389d5556d3ab16d,benchmarks/sat/satcomp2026-main/official/6ddda96839bb24cd7389d5556d3ab16d.cnf.xz,214928,dc01fce37a228ea8b73436d2de3b66686a5f2fa4bd455b7f858edb7bf99ac6f8
6e297bdb1c3f957f6333c37804805ecb,benchmarks/sat/satcomp2026-main/official/6e297bdb1c3f957f6333c37804805ecb.cnf.xz,4308992,14f12fd2d9e37fa3fe9e819e53aa3c2bac8d7a40c16396aae7b11db558a8c262
6e8dba16e06c793a2daca1fa440eeb4f,benchmarks/sat/satcomp2026-main/official/6e8dba16e06c793a2daca1fa440eeb4f.cnf.xz,15580556,31e67a962f78cba5fd412f84f74e2d6c10d0c5fdf603e27a6875ef5800aee0eb
6f1b15ebd0ac13c05fb052e5b0453f64,benchmarks/sat/satcomp2026-main/official/6f1b15ebd0ac13c05fb052e5b0453f64.cnf.xz,4151384,cfe346bdd9c45943545889409a4a6e74a2b9a3018a032573c38e20c0a4021dc2
71849248b47db583f56e77f55f31e525,benchmarks/sat/satcomp2026-main/official/71849248b47db583f56e77f55f31e525.cnf.xz,183400,c9a0998eefaeed189f1b5bf93ced7bab7cb7f157def60faac7e953cbceb55aab
727ebce936c010888c7f71f00885e643,benchmarks/sat/satcomp2026-main/official/727ebce936c010888c7f71f00885e643.cnf.xz,6668,1960c373049dc972922fb6144a33b71de8bb0ad6b4a4db4e50fea40492aa87ae
7372171e2e794a98cda6540676608f32,benchmarks/sat/satcomp2026-main/official/7372171e2e794a98cda6540676608f32.cnf.xz,46568,5cae7b6a9286689cbf82e05ca0a8f1d8d9df68c9a67018bcf7e8549982152b3c
744238c5aadea40f8e05db49429da576,benchmarks/sat/satcomp2026-main/official/744238c5aadea40f8e05db49429da576.cnf.xz,30772,a8f188e8694a4177d7e23c8560bfa1291bf57a1157883bc2ab9f06dbfc2e83b1
74931e82fd208ed949fa44bccd80df6b,benchmarks/sat/satcomp2026-main/official/74931e82fd208ed949fa44bccd80df6b.cnf.xz,12938112,0646652c84226b2d00338353ea1fcef10f0c55ce4b6a87319f0e81671d4f2166
75429ff7acb5acb597abe01aa745c2a6,benchmarks/sat/satcomp2026-main/official/75429ff7acb5acb597abe01aa745c2a6.cnf.xz,5216,0ea62e694034dbe9f3873640746c9d7cd2488bb97522bcb98dd858f742fa5ed4
757d64688ac60cba697a980dfbbf5075,benchmarks/sat/satcomp2026-main/official/757d64688ac60cba697a980dfbbf5075.cnf.xz,110680,909a847e96477aa5bc5f29ed9662ee3029b104ca446639f969d7b420f5da976c
75b23436a531bbc4004f43009cb4546e,benchmarks/sat/satcomp2026-main/official/75b23436a531bbc4004f43009cb4546e.cnf.xz,697928,2c87b33e775e0f4fd73473c729b40d02639fd822c94e4e187b749104db5b4673
776ff89b72b0f6290d69af6f95e13182,benchmarks/sat/satcomp2026-main/official/776ff89b72b0f6290d69af6f95e13182.cnf.xz,515280,7fd44dc72756d22a23adbd6d52e9105cb962bba98da4563390db94432aa20478
77bfac6b280653e63013f77d0991484e,benchmarks/sat/satcomp2026-main/official/77bfac6b280653e63013f77d0991484e.cnf.xz,34453384,53bc1f769fdca7e57f00de3a46dd2d1b596ee19d28eb8413dc5482f8510b8b3f
782b29d2d691fdc94e0ec5b899390e10,benchmarks/sat/satcomp2026-main/official/782b29d2d691fdc94e0ec5b899390e10.cnf.xz,56744,c4d9f5bde995f12deb14e47ce0ea4fe0cc21d670370c8bad2681a77d99536dc8
7a13ffe9546cc7dfabdedebb64700e8a,benchmarks/sat/satcomp2026-main/official/7a13ffe9546cc7dfabdedebb64700e8a.cnf.xz,3132540,1e27cde437168ec3b2cd9505fbf867d5cfde2feede2d74e6a70b4a9ca4e601c8
7ac164a9d153f0a2d9bf54a98d429636,benchmarks/sat/satcomp2026-main/official/7ac164a9d153f0a2d9bf54a98d429636.cnf.xz,26108,67701dace1abede00dce5abaf10e6edb27cd5cad7709868af1efe79f51507217
7b40e39148de4d5f8d9384d6937c287e,benchmarks/sat/satcomp2026-main/official/7b40e39148de4d5f8d9384d6937c287e.cnf.xz,119136,a445fb128a9bb32d97939660d3270f78f6567a0bd6d8afef9070cc7e53ca2c4d
7b9620b5d7da55bda43595fe37867acd,benchmarks/sat/satcomp2026-main/official/7b9620b5d7da55bda43595fe37867acd.cnf.xz,145124,f9b1040b702b5791e2aa07834b17bc7f44115b742a5822b0d238e2867b6f9a90
7cbc3ce2052ba7c5b501f75af58ab3c4,benchmarks/sat/satcomp2026-main/official/7cbc3ce2052ba7c5b501f75af58ab3c4.cnf.xz,20912,9af7ff6f288340a9b2afbcaa83a5b04c6658747cf7bdfd77d8d4c4f291a87f2b
7cd6b940be001c46c6294d7cac9aa610,benchmarks/sat/satcomp2026-main/official/7cd6b940be001c46c6294d7cac9aa610.cnf.xz,15532,39051ca8e4dbb5073388118a0cfe3e3d66873a0c1c10d34379c257940a8070ac
7d311f620f4ebc4adf8f4079899750eb,benchmarks/sat/satcomp2026-main/official/7d311f620f4ebc4adf8f4079899750eb.cnf.xz,9788,7ad81789eb40b147fa31f7bcef14cdad1cddf859ad3fed15f476bebd0bae7b18
7db30d12cb06f0dc2f30abff80d96d6a,benchmarks/sat/satcomp2026-main/official/7db30d12cb06f0dc2f30abff80d96d6a.cnf.xz,12632,b2ed4a7a084ec1f8fa0208b55e34c22ea92a192690359dd68d91274a6b83a709
7e21850936d6127540157afaaf912c02,benchmarks/sat/satcomp2026-main/official/7e21850936d6127540157afaaf912c02.cnf.xz,36312,21e57804ffd244b0725396e088ef5729b9ed7525d6f7c7ee9173c4a205a8c891
7efc1b160fb755fb1e8b6bcc70bbeb90,benchmarks/sat/satcomp2026-main/official/7efc1b160fb755fb1e8b6bcc70bbeb90.cnf.xz,487604,95fff15f580b638678cbd51b57517fa8862a4902497e972073835afbfb5a6cff
7fa502dfce37c37c1cafd50b3fba263f,benchmarks/sat/satcomp2026-main/official/7fa502dfce37c37c1cafd50b3fba263f.cnf.xz,268764,ec749284fccf8309897623a20e6522ad7ebb05b18273805427215319ac11aa6a
7fe153ced2c966dcdeb42b6714b4d6b7,benchmarks/sat/satcomp2026-main/official/7fe153ced2c966dcdeb42b6714b4d6b7.cnf.xz,4594488,42813ef360c7bff28b4cf857644ba9a93e5b0b8b234eb5211cdd700c026026cf
805a742eb8b4e0df3561ca8e0670670b,benchmarks/sat/satcomp2026-main/official/805a742eb8b4e0df3561ca8e0670670b.cnf.xz,15016,f4698a8900eae127173441de17126b654d9f508f4c5522bf5a2db1e8bb1b8f4b
808d66b11c602eb1d5728f3f8e90aaef,benchmarks/sat/satcomp2026-main/official/808d66b11c602eb1d5728f3f8e90aaef.cnf.xz,381652,a6531cbc688720cdcdf27b6f32bb374cb73c0f48fde5c5b4201a5ffb416a22b8
80b163b706e0a16702173ec27f3d1331,benchmarks/sat/satcomp2026-main/official/80b163b706e0a16702173ec27f3d1331.cnf.xz,16384,1d4a306240a51366e0b14cf589a19e55bb59fb388ae64598aef4c24f97736551
80bb5209e88def5643bf5593320b104f,benchmarks/sat/satcomp2026-main/official/80bb5209e88def5643bf5593320b104f.cnf.xz,3923528,08059d5f24a37b48509ee2a969c0585dbb68f1e8da9d2b3f7c765649894e91e6
8117a2ac08e1acf52f660663efe2a5ca,benchmarks/sat/satcomp2026-main/official/8117a2ac08e1acf52f660663efe2a5ca.cnf.xz,6208,7417c299e4238bb5f4902cf5a8428496a17fbe615c212272a0fa3020de0044f3
81c36c1f55a6ee8e180f53f140ce05a3,benchmarks/sat/satcomp2026-main/official/81c36c1f55a6ee8e180f53f140ce05a3.cnf.xz,6696840,a13b7ed6a38b4de59c5e3c63f13dd474d4a4c2365dcfddcfad07bbf6c13abc00
824cd6f379c23cc863e501e397092cb9,benchmarks/sat/satcomp2026-main/official/824cd6f379c23cc863e501e397092cb9.cnf.xz,43616,e0064553450a7ef3257f5684e44e06b50523d7c41d00541d9eb392b15880ccdb
826a01aaab9f98e8fb6d3fbbf349078b,benchmarks/sat/satcomp2026-main/official/826a01aaab9f98e8fb6d3fbbf349078b.cnf.xz,66716,66364f099a17c82144c714348e50443aa2be285bb6459e42d34baf43c0a6a52d
82cad197a0b7919f1f51ec51f7267e6f,benchmarks/sat/satcomp2026-main/official/82cad197a0b7919f1f51ec51f7267e6f.cnf.xz,12835436,416e4564b60bc8ceabf840c5c14416cea90d515dc7f90c4a2b01e5589b87336d
8390dca257561c53bf4eb6e158a2285f,benchmarks/sat/satcomp2026-main/official/8390dca257561c53bf4eb6e158a2285f.cnf.xz,251312,d92ddf1764c875b07f599c92ed41bdd8fe88a484934152530caa66e5415f32e7
83ced7d9ee8058c52c9a68ded7fad0a5,benchmarks/sat/satcomp2026-main/official/83ced7d9ee8058c52c9a68ded7fad0a5.cnf.xz,38416,7b470d92caa8b9c9aec312a22a6324a25cedb9932f53964b0078e443d9e06968
8456155de4cd22425ec479f75af089c2,benchmarks/sat/satcomp2026-main/official/8456155de4cd22425ec479f75af089c2.cnf.xz,13213232,a92492f5350f62229cafd5396fcd8d480947a3a81ad7354e8a7b009050d5ffc0
860788f93fb766e83e00a29de84180e7,benchmarks/sat/satcomp2026-main/official/860788f93fb766e83e00a29de84180e7.cnf.xz,11992,931d187a77b65c2da0e4bc3224e2a00ba43ff2a723fdf3c71837d6c0c4ed4dd7
878bcc11e1e243680f7946bcf428f465,benchmarks/sat/satcomp2026-main/official/878bcc11e1e243680f7946bcf428f465.cnf.xz,14274080,dedcdfd0c8275441ce3ab3a118114a97f14b455d1ef94ff349c85c0c52a8aea5
87dbc3302b82c09e19c55059fb943191,benchmarks/sat/satcomp2026-main/official/87dbc3302b82c09e19c55059fb943191.cnf.xz,428640,bbb9fd35ce6a04a66abef42070e35ff9717c8056116d466d33318f7395e5d1ab
8990b3506e948e87b005d103d1ce6eb8,benchmarks/sat/satcomp2026-main/official/8990b3506e948e87b005d103d1ce6eb8.cnf.xz,39576,c6d291f7cc2b32f15d86595033455b977594650fd36ad5066d76429989036f18
8aa9ffb211d1cba850be2ee9d173b7e1,benchmarks/sat/satcomp2026-main/official/8aa9ffb211d1cba850be2ee9d173b7e1.cnf.xz,62952,b1d2279d8baff42761abbf6d58b99e188dcb8d86d2a52e0e123e410f16ae8d6d
8caa9b4b72b5f1782fe4554980978cbc,benchmarks/sat/satcomp2026-main/official/8caa9b4b72b5f1782fe4554980978cbc.cnf.xz,382720,9f3c4bbfa6694599a9061062f56554c2d3b816c270fef61544ae6142b815d488
8d0d8518a438d93428257d9a38863c3c,benchmarks/sat/satcomp2026-main/official/8d0d8518a438d93428257d9a38863c3c.cnf.xz,234696,1ee7d3a0dccd8522b735242a85bc57b7ca902d683186b5094bc4869dbb369c99
8d2b018a5f8855b6ba1868a3ffff9d2f,benchmarks/sat/satcomp2026-main/official/8d2b018a5f8855b6ba1868a3ffff9d2f.cnf.xz,22480,1679ea3de3a717cd5b0135da6fcd226a9f675d2388ca9b96657b9ecbac0b101c
8d2dfc50c1759dc11a6564d5c368c6df,benchmarks/sat/satcomp2026-main/official/8d2dfc50c1759dc11a6564d5c368c6df.cnf.xz,135312,0d1e1e3f000b0cb1b1df243e8b82f8b046b4251c502abb09af0926f43310dbba
8da88a43b4ac226f614dd82d4519d8c6,benchmarks/sat/satcomp2026-main/official/8da88a43b4ac226f614dd82d4519d8c6.cnf.xz,31076,500ab07790fd44b7c00461254369f6cf1abf48f651fdf03b2c67b238bc26fe31
8db998d5fd64f85a1847115208f73873,benchmarks/sat/satcomp2026-main/official/8db998d5fd64f85a1847115208f73873.cnf.xz,1013076,940832608e5d4a1b491b6d818371b38ef25cb999ce9f5d6002b569cf8008ca9c
8e1cdc28bad48753110be5bd578cb934,benchmarks/sat/satcomp2026-main/official/8e1cdc28bad48753110be5bd578cb934.cnf.xz,30584,6fc3b513c2e71f9cc826ca7c3e2c6dde6c81941f04b358fec0e319f84aea8374
8e5da99e8323af36e983a99b4df03b92,benchmarks/sat/satcomp2026-main/official/8e5da99e8323af36e983a99b4df03b92.cnf.xz,22860,00523ee77203b482dfdae9fe20b13a5076071a1b5d92070eca79a2bd97179eaa
8f5bca645bd8738eb74c2e1dc284774a,benchmarks/sat/satcomp2026-main/official/8f5bca645bd8738eb74c2e1dc284774a.cnf.xz,858548,65f7e28b98f3003ceed3b1bf92905f7d0f77423a7cec68d22a7c243dfb7e26f0
8fcde459f828e0df9672933e68fa1af2,benchmarks/sat/satcomp2026-main/official/8fcde459f828e0df9672933e68fa1af2.cnf.xz,31216,cfbba532a95ab9bb86b4fca88edc610eeaf902cf0aa535906c4d0ff7e4af1863
9078ea73ff67edf2b6dcd007c9696ca0,benchmarks/sat/satcomp2026-main/official/9078ea73ff67edf2b6dcd007c9696ca0.cnf.xz,29920,9a32c505f5f6322ee627325ce5f3f0593709ba0f05f9323d69bcebe8a1e1dada
90937ed75ba0560158d8fe45f303868a,benchmarks/sat/satcomp2026-main/official/90937ed75ba0560158d8fe45f303868a.cnf.xz,63000,4da08193f5ca33315d6d84599ed28b8697ea2218d9aca781a924d001cac8dea8
91860f79f079fede859034c7d76a98a2,benchmarks/sat/satcomp2026-main/official/91860f79f079fede859034c7d76a98a2.cnf.xz,760000,16d2267a7e78477ec9a2fda035d4c8f392d2ec25325c402980c193f8c13d15fa
91e0db01b254eb78f6643328045bfeb9,benchmarks/sat/satcomp2026-main/official/91e0db01b254eb78f6643328045bfeb9.cnf.xz,98692,0cee6540e1dddd9049f1edd795d29192593dc6333fad33e3da5c7270ab9a72b0
920bbe559da4ea37fd636605316a791c,benchmarks/sat/satcomp2026-main/official/920bbe559da4ea37fd636605316a791c.cnf.xz,96236,1b92864f84d97229356b4b4d2767e8180fd0cbd70a7ae25b52cdd58e528c4f82
92b22042a950db2a9841f08d169d1bb5,benchmarks/sat/satcomp2026-main/official/92b22042a950db2a9841f08d169d1bb5.cnf.xz,182912,7e05ee7c0ae61098404a04a80b1252af1fb7e7464877c27b8b157d51300d69dd
932e2329dd1efeafe7151a0ebf3a343f,benchmarks/sat/satcomp2026-main/official/932e2329dd1efeafe7151a0ebf3a343f.cnf.xz,24888,d5bfa0fe6511b34d723f28af1ca1bce0afa3bb6dc37f1a60a7436ea98745cdfa
9376a4be372c14aa68235831712ff3f9,benchmarks/sat/satcomp2026-main/official/9376a4be372c14aa68235831712ff3f9.cnf.xz,14572948,bd298af2f4a35c9c29581ab4bb0c7a2f24f038a4fc4508594626b99db69adf50
93983a1211a506a87907c7e2ffa4e818,benchmarks/sat/satcomp2026-main/official/93983a1211a506a87907c7e2ffa4e818.cnf.xz,1354776,7923b6183f2dcd0ca88c868f638f12803d2fffa2e59c8618376ce05a887cb4ac
9541d12f3e3d9201085c13f25145d2f7,benchmarks/sat/satcomp2026-main/official/9541d12f3e3d9201085c13f25145d2f7.cnf.xz,9226496,847cb416d3ff8302fd950e6b2ea16e4220514723854448b28648291733311015
958fd8bd1936e5bad8cbccae492edd81,benchmarks/sat/satcomp2026-main/official/958fd8bd1936e5bad8cbccae492edd81.cnf.xz,3193700,0c8353948142421f376858915c424febed470f511d29173c9627eea7e838144e
95f346a183b890307596310fd33b4836,benchmarks/sat/satcomp2026-main/official/95f346a183b890307596310fd33b4836.cnf.xz,68640,57011d6733eec72c3f46835977d4ab057dc8eedb60c1fb923c0ac4f7db9cbe3b
965ca988015c9aee5a1a7b2136c1fe5d,benchmarks/sat/satcomp2026-main/official/965ca988015c9aee5a1a7b2136c1fe5d.cnf.xz,5320,5135a5078ed5d2cd81dc8c724dd361a522e321793a3c2e095ca4be65e357cb15
97af3e49faef7cf67794928b6690b67c,benchmarks/sat/satcomp2026-main/official/97af3e49faef7cf67794928b6690b67c.cnf.xz,135540,20087c9e5354fc0aa16b0d3427604bb9816b126d5718c6cf8fa7e08d21815514
981b0e855eed536df112bf2e4ff98807,benchmarks/sat/satcomp2026-main/official/981b0e855eed536df112bf2e4ff98807.cnf.xz,11440,b52a8d0272294fb29136fb67e6d94817a69e4ab1b4b5e9a8fc2f477f9f3cb4d6
991aec61a2751602d6d7b3e838035610,benchmarks/sat/satcomp2026-main/official/991aec61a2751602d6d7b3e838035610.cnf.xz,25064,00b1d35b52bb8babc31cd396fc457402a3bd65688e46d5c85e0b71794312b368
996bd6326ca560055b6fe916708dfdaa,benchmarks/sat/satcomp2026-main/official/996bd6326ca560055b6fe916708dfdaa.cnf.xz,13736,d7f3057f0c3c99c2786f5bf5112b6033caf6dc4bd0201a1db6e4c74460fb3d34
997491c0cbc3e558a3e3266e2a142215,benchmarks/sat/satcomp2026-main/official/997491c0cbc3e558a3e3266e2a142215.cnf.xz,46780,fc0fcf31b70aa13d07cbbfe53d14dff3c5417ee7e776bf47dd108685a678c0e2
9a4671d8bb658361162976c0f06cc47e,benchmarks/sat/satcomp2026-main/official/9a4671d8bb658361162976c0f06cc47e.cnf.xz,137341084,1437f50920c3896041caf405a613a5ea0ba4e11c5a7bd15619bc8793c871c04a
9a4837429c656a71283b8d5bb41c05a7,benchmarks/sat/satcomp2026-main/official/9a4837429c656a71283b8d5bb41c05a7.cnf.xz,377880,8b74353667dd3acd7ed1467ab4a454b2a4b5d1af55d93f9154cc3d8cc1882a5d
9aa85c5c114245c182ed6afbe3d8daed,benchmarks/sat/satcomp2026-main/official/9aa85c5c114245c182ed6afbe3d8daed.cnf.xz,132860,820c58fe12edc807f98013f05a30b51283c50e4eaa02761534c83d478e15ac99
9ba8145e0d02318dea5507fc3ba03472,benchmarks/sat/satcomp2026-main/official/9ba8145e0d02318dea5507fc3ba03472.cnf.xz,2021004,3706aead21e2cb83895071616515817aba87f7693f244bad1fbe195ec7bc8eb8
9c5dd2eb0a40a150c686459a118c720a,benchmarks/sat/satcomp2026-main/official/9c5dd2eb0a40a150c686459a118c720a.cnf.xz,48987044,34a2f156c42149c351d8427f04c7f6b3d87d471d14b9eb77152a675cd1fc8895
9d20bb1bd01838d70177ffd3aa284aeb,benchmarks/sat/satcomp2026-main/official/9d20bb1bd01838d70177ffd3aa284aeb.cnf.xz,1655644,fad963cabe5503f30e1705f4010df017c050066347e5f7f11ca33bc081d1fd82
9ef9243ff051b32795890fccd6c3f6b2,benchmarks/sat/satcomp2026-main/official/9ef9243ff051b32795890fccd6c3f6b2.cnf.xz,402872,9ad551154175353ba966888edf07fb502feed7dfada5451c089f1db58e2ee4c8
9fbe200523c648000d71b2c739093aa2,benchmarks/sat/satcomp2026-main/official/9fbe200523c648000d71b2c739093aa2.cnf.xz,28224,8e0aad40924abc5de2745ffb74b7dc8c7a7dc028bcc41ca4a30ba87a09c44cc6
a08c17f9a3888841cf7bbc75a807ff7e,benchmarks/sat/satcomp2026-main/official/a08c17f9a3888841cf7bbc75a807ff7e.cnf.xz,18240,e959a41acdf951138bd1545a815fb355baede921f4bf9c7bba5c9d7a473050b7
a08d0fcc98fe0ce9c53b2fd0c69ccc4b,benchmarks/sat/satcomp2026-main/official/a08d0fcc98fe0ce9c53b2fd0c69ccc4b.cnf.xz,27528,977362f5e1400045304b8bdb5411f414f5aad306a0fe1a5fdcef037accd265ef
a110c13186ef5785df8da4bfa2ce9a6d,benchmarks/sat/satcomp2026-main/official/a110c13186ef5785df8da4bfa2ce9a6d.cnf.xz,21704,12825a3a2848a9b9048f5e76ec450a7171c88ad2e30f89f1f79a0b107fa42980
a20f076f7fce54172e823c63ea7948f7,benchmarks/sat/satcomp2026-main/official/a20f076f7fce54172e823c63ea7948f7.cnf.xz,49944,75fdb4fd2ae57d9992828c06b5783890af2f4d8b924ee397047f865dccc4d335
a2fdd0935df1379c67cf1bb93ef2cfad,benchmarks/sat/satcomp2026-main/official/a2fdd0935df1379c67cf1bb93ef2cfad.cnf.xz,1286056,c1b8e47382b9e1242874acef12fe34c5d39c3047c6d274424a1e996dc94356ef
a42230be4432b010789b6f97b090343c,benchmarks/sat/satcomp2026-main/official/a42230be4432b010789b6f97b090343c.cnf.xz,535872,21daca87583af83d1bb6f8b9beb20e020ada06f19150dc41e0b3162f2dd522db
a45aefde8bb26edb9634004146d0de89,benchmarks/sat/satcomp2026-main/official/a45aefde8bb26edb9634004146d0de89.cnf.xz,156392,b4f8ce5831ab8ce4b4eef0588e1141b4ee51caad7289db483499fbac8d4e4b28
a4eec7a5fef59547129822f6b513d54c,benchmarks/sat/satcomp2026-main/official/a4eec7a5fef59547129822f6b513d54c.cnf.xz,327524,b23bbf45dddb8f81dd083877f45dec40e51d3a9bf84ae78bfd9acc3e071b4966
a4f816482e853dfad9a685ac1459e66d,benchmarks/sat/satcomp2026-main/official/a4f816482e853dfad9a685ac1459e66d.cnf.xz,25856,28e61d090258c79b2598d9a1eeecc2256f8b5de048873c3f78cd8f4d3898752f
a5dc08b83ff806ac2c2c8cc23053fb07,benchmarks/sat/satcomp2026-main/official/a5dc08b83ff806ac2c2c8cc23053fb07.cnf.xz,362816,f3b765841c30373e79aec85b1a9161d1c8628435dbdbd4576f038f9ab7d8b1d9
a60a138325ac9c88ab293ec0c801a95c,benchmarks/sat/satcomp2026-main/official/a60a138325ac9c88ab293ec0c801a95c.cnf.xz,19828,eb0512e7a535e4208de689e78c5cab3b2f48f8590e68c6280a0c46c66a113317
a78606fdfd6cf6ee8358bd35fa833be6,benchmarks/sat/satcomp2026-main/official/a78606fdfd6cf6ee8358bd35fa833be6.cnf.xz,1313404,a7f3d9c9619d0d1aa983d2dc41e4640a30bc6fe60dd273b6150f64d14d0a330b
a789d0722f1aa0d44c5a38b374719c69,benchmarks/sat/satcomp2026-main/official/a789d0722f1aa0d44c5a38b374719c69.cnf.xz,77742148,96925005fcc277b13ae6fa519dc9b047ae22bb853ef9984d70ac36e6cd87d3ae
a7e5d03892a17e51e22b688f51cf0aab,benchmarks/sat/satcomp2026-main/official/a7e5d03892a17e51e22b688f51cf0aab.cnf.xz,24032,a293f7d512c47ac29fa58db3c051f1362e23296c066c50f487d3ddaaaa6ac8be
a80a252b748882980d9a80ddea8c5cff,benchmarks/sat/satcomp2026-main/official/a80a252b748882980d9a80ddea8c5cff.cnf.xz,27084,ddeefd2a2e2973b44b84cca16c0cb0516dae36817ba5b848347db29171c18a51
a8dcaf436bda091dad9ca1ff58de7287,benchmarks/sat/satcomp2026-main/official/a8dcaf436bda091dad9ca1ff58de7287.cnf.xz,626176,6044d39b2b04de852ab8691333f1530fba4e9b102c0e6478a2531a3d9617ea46
a957fdb07df865bb4fd24a00ceb49fdb,benchmarks/sat/satcomp2026-main/official/a957fdb07df865bb4fd24a00ceb49fdb.cnf.xz,29449292,5967c18f02c9a40fe6ce5145620ba71e71f747596364f5ad841879c56f823f41
a95f0373ebf724f474fcc9ccd7197bd9,benchmarks/sat/satcomp2026-main/official/a95f0373ebf724f474fcc9ccd7197bd9.cnf.xz,68344,3e2d5b2991e2a12a4152c6287ba4347f6c80e1c39b26d0e5051506fce8002205
a9856534b6ca67123d58dd5fd9c9a1b2,benchmarks/sat/satcomp2026-main/official/a9856534b6ca67123d58dd5fd9c9a1b2.cnf.xz,244272,448621469bbb6a923dec2ece6baac51cfacf0bb7a096565edd2cd0797261daa7
aa0eadb6c4935468fd6954e23a550504,benchmarks/sat/satcomp2026-main/official/aa0eadb6c4935468fd6954e23a550504.cnf.xz,313340,44a52eac9f688b10b2b9efaffcea097c29f0d025136df81d1bfe25dd530bc774
aa2e02360b19c83da68e39e39c530923,benchmarks/sat/satcomp2026-main/official/aa2e02360b19c83da68e39e39c530923.cnf.xz,9185016,31a9d1e4187507d1b7f7280468c2cf9abf88f931011941afdaf36c1581ab2cb3
aa4e80476e6a6ea1034e303e6b2e46dc,benchmarks/sat/satcomp2026-main/official/aa4e80476e6a6ea1034e303e6b2e46dc.cnf.xz,122844,9513de75a76a7e181585656209b1daf6c5096e6333d4b9e54583ebe71fc3c722
aa62e8cb5d38ac1b2d9eeeb8394eadeb,benchmarks/sat/satcomp2026-main/official/aa62e8cb5d38ac1b2d9eeeb8394eadeb.cnf.xz,3903564,c53284ecda4390220f66d5eac12b06cd17de4efeb16fe7e805a6173a71d2ad46
ab17eed90e4da47767f72f518e3b4a26,benchmarks/sat/satcomp2026-main/official/ab17eed90e4da47767f72f518e3b4a26.cnf.xz,39120,9e3c14afd394f18ee5550fd3b63a622a49c98b35438f44287fb8ce9af7915e03
ab2ab3a0651f0f35ba319ad976b1b6fd,benchmarks/sat/satcomp2026-main/official/ab2ab3a0651f0f35ba319ad976b1b6fd.cnf.xz,30604,f59350f6614c92c72cad9bf39f74d83804db10126d21e212858adcf4e4d4cd20
ac3e3bb744e258282990aa4307c08cb8,benchmarks/sat/satcomp2026-main/official/ac3e3bb744e258282990aa4307c08cb8.cnf.xz,1344484,6f14bfc33b79550008de2b1d79bd564b5a4840acd4718859a72f7b152edc9ca8
ac6256657058fe65dc7ddaf773ab83bf,benchmarks/sat/satcomp2026-main/official/ac6256657058fe65dc7ddaf773ab83bf.cnf.xz,3374680,ed423ffccbabac879e5cc02e67db32fef9ff2c4c6bf10be04952f5b5c49f5557
aca9f4faabeb57a57c678d55f5bbd2f4,benchmarks/sat/satcomp2026-main/official/aca9f4faabeb57a57c678d55f5bbd2f4.cnf.xz,30600,7f475e5ef89192cd8c0b5d689ef2df119435994af7ee870b8f4a34dbcbde2ca2
ad2247443454da1fbd4543dd1fa5b57c,benchmarks/sat/satcomp2026-main/official/ad2247443454da1fbd4543dd1fa5b57c.cnf.xz,173284,99f258b9da3c88c4fee5511314f226adb91cfecf1828dadcbc349a103f92258d
ad5b80bb4d1b60bee12163df25846801,benchmarks/sat/satcomp2026-main/official/ad5b80bb4d1b60bee12163df25846801.cnf.xz,13580,a93dba7e3b3010a53e8063db3451beb3e5197640b53cdbf025b08058d5abcd8b
ad6bc2d583c43ff9ef00faad7e29a9c2,benchmarks/sat/satcomp2026-main/official/ad6bc2d583c43ff9ef00faad7e29a9c2.cnf.xz,5298928,e96afd3c1c8f37e4a5b4bbf899bc3eed59de2c853a52e05059c4f9b605b9cb85
ae48df6541d190c096b1e5ba22d1b534,benchmarks/sat/satcomp2026-main/official/ae48df6541d190c096b1e5ba22d1b534.cnf.xz,110260,d5ade117c7070a560d814791a4faa67c9eb77d589b267a787af56ce5549579c4
af8248aa34c4803bfc0add954cf2e620,benchmarks/sat/satcomp2026-main/official/af8248aa34c4803bfc0add954cf2e620.cnf.xz,561872,64c40e4766bab76a701443544ad027f39994d180bb462772981a445c63f58fc0
af9c2fb7046eb845f185c64cd9dd1006,benchmarks/sat/satcomp2026-main/official/af9c2fb7046eb845f185c64cd9dd1006.cnf.xz,10276500,90a0d346f25dca89c00bca894b7f0c56d67435603a3b27effa12ab67d35172c3
b0142b06940fb02e2b4ddb7a2101a3d6,benchmarks/sat/satcomp2026-main/official/b0142b06940fb02e2b4ddb7a2101a3d6.cnf.xz,4528,e79842582c4a00a8e18862fde51326e03877c5d9e5daf2e209c1810191303ea6
b023ea0eb9adbd9182c01d7e2d443289,benchmarks/sat/satcomp2026-main/official/b023ea0eb9adbd9182c01d7e2d443289.cnf.xz,3780,dca3ce0f1b2f72668ee3722c1122c3b45175f97b8df9cbb84a417a4120c31f27
b0abaa97c4663edc2048d86de3e2b226,benchmarks/sat/satcomp2026-main/official/b0abaa97c4663edc2048d86de3e2b226.cnf.xz,146468,872a691dcd214e3112107ad15a16d1ee4e4becc913ebf6376e58108bccd72343
b13ba48e09e575d6a628c02200ac23f7,benchmarks/sat/satcomp2026-main/official/b13ba48e09e575d6a628c02200ac23f7.cnf.xz,30836,f028eb2ad9fb517a42e69c17183e409dc664c28b851a3543e3f5f09126e60a66
b1c44904cf06682f973b60c8282f45e8,benchmarks/sat/satcomp2026-main/official/b1c44904cf06682f973b60c8282f45e8.cnf.xz,6252,e91f51b63af5cfd6e7899ff4932e425ee2429cbc39e3ccb919a37d3b8cd77936
b2047f327e213b5f14adb8c75ee514fb,benchmarks/sat/satcomp2026-main/official/b2047f327e213b5f14adb8c75ee514fb.cnf.xz,1141992,ba53157b6b743b5c46c2e15db8690334bc6aa6df82f7222d25967f9159773385
b358bf7111086fd6d60b11c2f01465b8,benchmarks/sat/satcomp2026-main/official/b358bf7111086fd6d60b11c2f01465b8.cnf.xz,109516,be0b0465199e22a3ff4618e3427bc3f5026dd112b47e34b699b3260844740b4d
b3c587501567db72e6e66c6930cf15ed,benchmarks/sat/satcomp2026-main/official/b3c587501567db72e6e66c6930cf15ed.cnf.xz,49988,f2ef0b297445bfc718a26107cec101c5c640dfc0c153b301dfdcd60bd43b3621
b438fa464c20a19fdb7788a3f0016f32,benchmarks/sat/satcomp2026-main/official/b438fa464c20a19fdb7788a3f0016f32.cnf.xz,42972,6b9e8bf9422360c5348ce8c1306995f91722ae495551f1ea823b1f3629b184dd
b54b26f38d40a687b6277c49cf85de69,benchmarks/sat/satcomp2026-main/official/b54b26f38d40a687b6277c49cf85de69.cnf.xz,5467932,f80f983013e20afea859f227294ae60cb91566452ab8b54e5e28b74ef747ddac
b69132879ed9ea0c8af1bc1e478d6ec3,benchmarks/sat/satcomp2026-main/official/b69132879ed9ea0c8af1bc1e478d6ec3.cnf.xz,2946176,f02facc35b79daa8f073f779950306d81d7c3623f057db9b43c324318b46e28f
b697738cefe9cb2dd62f24653a13b341,benchmarks/sat/satcomp2026-main/official/b697738cefe9cb2dd62f24653a13b341.cnf.xz,11382820,08f6e014af54e222be953570580e51440cda9ca5ee20b46fe646255f8d570ad6
b6de3c794e223fe515682f52e5d81272,benchmarks/sat/satcomp2026-main/official/b6de3c794e223fe515682f52e5d81272.cnf.xz,125756,ec4d65a020f4c8a581680aca124d8a87ba56406ba5f91ff58b6608abf1e1cfcd
b76b9699c2deb74dd9b4a99a05179acd,benchmarks/sat/satcomp2026-main/official/b76b9699c2deb74dd9b4a99a05179acd.cnf.xz,71436,4ffe7cde499dae81a887f0b7398888ea9cd6d9d7db6329d842187b7a2fa99800
b9a626da76f235aab854c6ef516b9240,benchmarks/sat/satcomp2026-main/official/b9a626da76f235aab854c6ef516b9240.cnf.xz,373480,cc378fd1063f692ed4e89cc5d69e1826845e467d5b809f3d5227958cb9219031
ba14be209c2fc064726025f017cef17a,benchmarks/sat/satcomp2026-main/official/ba14be209c2fc064726025f017cef17a.cnf.xz,987572,1cd72bc6d63b901c09e8d154ef54e56ebb058d8b5b8613f7be9dde3a2bb8349e
ba7732774961fdf7508a998a41bd5366,benchmarks/sat/satcomp2026-main/official/ba7732774961fdf7508a998a41bd5366.cnf.xz,18132,51de74a734e033ee9d7435321ddcc51bddc974c9360bfcddaa76e2f293a81291
bb8db7af8ede49391a66d4442d91c10b,benchmarks/sat/satcomp2026-main/official/bb8db7af8ede49391a66d4442d91c10b.cnf.xz,107689588,633c09ea61f33c4f2c0d09285beb8f82f31c9f034705d05ebaa72ab9dd7a057f
bbcfd33f07cbf6fefa950d8254aa34ce,benchmarks/sat/satcomp2026-main/official/bbcfd33f07cbf6fefa950d8254aa34ce.cnf.xz,88146600,533e2e8463501bcfe177b3f7bd29213063bc1f1b99b2ba6bac767f4fd0a662ea
bcdc894819cf050e57849fe84a1e8cc4,benchmarks/sat/satcomp2026-main/official/bcdc894819cf050e57849fe84a1e8cc4.cnf.xz,77992,b7d8f5408ee4ec12b3bc384abf5a29a7fdf95140545e7a6b23d9b960b21b5eeb
bd0b055b890a9ace598a0c4aba40de30,benchmarks/sat/satcomp2026-main/official/bd0b055b890a9ace598a0c4aba40de30.cnf.xz,4759044,5f197fc1f5ef00d5df111d2a379f7f7e073dbb058faddac8be8c00ec46a613d9
bf8c8761003704e761ce36db6665f741,benchmarks/sat/satcomp2026-main/official/bf8c8761003704e761ce36db6665f741.cnf.xz,3280080,dc903c3952297e8953b0338c0be8c97f9236f1c6762c3af0f3ef06c6db1c05a4
bfc825d1eb0670fd90805c546fea5c6b,benchmarks/sat/satcomp2026-main/official/bfc825d1eb0670fd90805c546fea5c6b.cnf.xz,5673004,32c8c62b8010124085ded6cafeabcf332475d2c91ac22903b61c306044011513
c14f0c610d59a9d5e8cec328485b916f,benchmarks/sat/satcomp2026-main/official/c14f0c610d59a9d5e8cec328485b916f.cnf.xz,13648,65477a60ad7057de513be917bb27c1e6915c16895df3dbc01f46dfcf68a1d366
c15b09b9a7ceff4d4c8fe705958f92ba,benchmarks/sat/satcomp2026-main/official/c15b09b9a7ceff4d4c8fe705958f92ba.cnf.xz,4792960,f75a518353e6da1da7ee0b334c2916e8ed3a2a26fe746032c7c44eb820986414
c261941bfec8b89d75fee1a66a839169,benchmarks/sat/satcomp2026-main/official/c261941bfec8b89d75fee1a66a839169.cnf.xz,137660,78431a211363d320c40792fb946b38c44e9706f0430d6f4dffc3efc68df86315
c300445f0f756c8f5d6571ebf0bb6edc,benchmarks/sat/satcomp2026-main/official/c300445f0f756c8f5d6571ebf0bb6edc.cnf.xz,7689192,8d68dbaf4c65d068f28536d8fdf8f4d8dc9c6bd81d49434e4e5c07c9698ecd22
c3bc9b01e5f804723b74715508941bf2,benchmarks/sat/satcomp2026-main/official/c3bc9b01e5f804723b74715508941bf2.cnf.xz,58801800,1a0f2b7c645d1f2774a9f4b3d5a968e9b14b1d057cdea950f0135e57eb70c57e
c44762c4b177ac64fd0919f37de8382e,benchmarks/sat/satcomp2026-main/official/c44762c4b177ac64fd0919f37de8382e.cnf.xz,10008,76312f1720b3655dea6f76fc16b90b7531282e3d34e6e4178e5cbebec23fafb4
c557ad9cb79983b9d429c219e3cecbb8,benchmarks/sat/satcomp2026-main/official/c557ad9cb79983b9d429c219e3cecbb8.cnf.xz,10796644,71aad8650eeeaccd293aa2ff68fa484497363a5d2697ea0ce5567d56098b6536
c615d49f357813514966186ab834be28,benchmarks/sat/satcomp2026-main/official/c615d49f357813514966186ab834be28.cnf.xz,385220,f9e12faf50c7c962067f8c23b5eb75bcdf8ff89c05e074a131c97d3c63a63666
c62a1855a4db8ae0b4bd625455332a4c,benchmarks/sat/satcomp2026-main/official/c62a1855a4db8ae0b4bd625455332a4c.cnf.xz,397232,01db5a5b90ebb527ff2da156201ae26d4723751685ec067d82c651f65b335933
c6487f6dfcc1438eccca1876a33d9a9c,benchmarks/sat/satcomp2026-main/official/c6487f6dfcc1438eccca1876a33d9a9c.cnf.xz,60312,a1e976758704ad3a63b537ced68a6d80bbb97bcdc139ad173b402c06df9db4f2
c7449e5bc5ef75a69f8a454c13d371de,benchmarks/sat/satcomp2026-main/official/c7449e5bc5ef75a69f8a454c13d371de.cnf.xz,25904,b4927fb3926004e9ed166cf3c19e67590f6057d9189a70d6241ef9a5780c86ab
c8cde50f32ca3f78a4c74a173c63449b,benchmarks/sat/satcomp2026-main/official/c8cde50f32ca3f78a4c74a173c63449b.cnf.xz,5738484,32feec083de474c2c0577d543321bdb9460a396d227698f74009b5439c7df6c1
ca18feb7d2bb6bee7a8ab28673fe1d62,benchmarks/sat/satcomp2026-main/official/ca18feb7d2bb6bee7a8ab28673fe1d62.cnf.xz,2774464,204776ea7539491845fccc5884846be199ac83daecfd93d59cf0f0153a36fe39
ca7f7824a958b98512a0c96d73251f8b,benchmarks/sat/satcomp2026-main/official/ca7f7824a958b98512a0c96d73251f8b.cnf.xz,20480,8001158a0da7d29ddd39181fcff6bd8d74a4ae5a5b670beb1bfbc6730cc38712
cb2e8b7fada420c5046f587ea754d052,benchmarks/sat/satcomp2026-main/official/cb2e8b7fada420c5046f587ea754d052.cnf.xz,4216,61f6956ddf63cd443806094e702713b5c1263c977ad574cc74f0fe2cea684cf4
cc42cc7a8022820cbd0e98595126d07e,benchmarks/sat/satcomp2026-main/official/cc42cc7a8022820cbd0e98595126d07e.cnf.xz,37907176,e656a303f0a6309f9c31f285242a1dc9d829dc6c413e8a1df5e72fe8d9066163
cc436db9fe0278663ce376e068069815,benchmarks/sat/satcomp2026-main/official/cc436db9fe0278663ce376e068069815.cnf.xz,1758364,2a157b1b5401d3744fbb12b62557c0415153a30be64311dd5b415c23fc4ac19f
d0b5d1dc96a5bf33d2c65106c3b179a8,benchmarks/sat/satcomp2026-main/official/d0b5d1dc96a5bf33d2c65106c3b179a8.cnf.xz,9648,1c7243ef4349ea419da0b9971dfeeb4b033cc41c9666443ac3091b4a5f6225b7
d10b8bcd1bb5977c5ffe2d1859e4335f,benchmarks/sat/satcomp2026-main/official/d10b8bcd1bb5977c5ffe2d1859e4335f.cnf.xz,22168,76b454f6c3b2fb35e6a460a8b45869f49e1b36167f0e46a302d96cb2ed724a3a
d1335d8a6a98a1988b54e1f481a64fcf,benchmarks/sat/satcomp2026-main/official/d1335d8a6a98a1988b54e1f481a64fcf.cnf.xz,62356,a2f257c9cb60e6066a37b1f9bd300484345d198686af292d397535767d425575
d27f76623aed2fce608c092b2aafafc5,benchmarks/sat/satcomp2026-main/official/d27f76623aed2fce608c092b2aafafc5.cnf.xz,186208,249bc8aa4dc03b364212675c4d16f7b5b82cd9a58408871d64efc347fb65fc7d
d418605014fdeb1236bfa720ac460c62,benchmarks/sat/satcomp2026-main/official/d418605014fdeb1236bfa720ac460c62.cnf.xz,15360,f8fd1b2efafb2b67152b069dcc02ede0dc5163d370e704b5c8e7bc3591ef875c
d4a6b1a299c7a8ad6ea9769abcc60507,benchmarks/sat/satcomp2026-main/official/d4a6b1a299c7a8ad6ea9769abcc60507.cnf.xz,13446736,de16b91a62b0295b9dd923ed25997fa6a8da4e6afd66331d871a9d718eace2e8
d5949f26c5c5128ef2d4ac4d3b432cc2,benchmarks/sat/satcomp2026-main/official/d5949f26c5c5128ef2d4ac4d3b432cc2.cnf.xz,890536,f1532f08c371f8aa86b6646b36aaa13e4e85cd27c6777192dd42cf4020b9bfd2
d699355595398f0765c5f51c9d0ad852,benchmarks/sat/satcomp2026-main/official/d699355595398f0765c5f51c9d0ad852.cnf.xz,76743436,97fa6605ab9636bd6e18f3723084ebc5fff5be356c6f46cb3fca93e3753a0055
d737aeb8e2eb9baed7f007056b3874af,benchmarks/sat/satcomp2026-main/official/d737aeb8e2eb9baed7f007056b3874af.cnf.xz,23842056,052abc76c9b6afa7686b6794f7a3b690d1965e1ebef7379ae1d0d29182194174
d8225a58e2ca7c2fb93c533f406c02d5,benchmarks/sat/satcomp2026-main/official/d8225a58e2ca7c2fb93c533f406c02d5.cnf.xz,271036,a12f681de4000a95988891fe1951c6494a3eb9d605765d54cab042269eb0b050
d9fe50de72fb34ea94518c32d8f3077c,benchmarks/sat/satcomp2026-main/official/d9fe50de72fb34ea94518c32d8f3077c.cnf.xz,69944,79ce242a7a557090dfd60c2025404ce902d4f85bb7a1cb986b6960c71d820547
da34db9ea6b524f13708357f38432bb6,benchmarks/sat/satcomp2026-main/official/da34db9ea6b524f13708357f38432bb6.cnf.xz,9231556,8ccd63372ff9250b4c8b4a2468e5857c9a618361454ca2a8d0508b57db46a6ae
da6fae94ae1b1cedcced7169df02a762,benchmarks/sat/satcomp2026-main/official/da6fae94ae1b1cedcced7169df02a762.cnf.xz,327524,6f2402d88da549ac13d5dca9bd522c9a8608053d7134dcd2f13848fa8fb4d584
db099269d468029b70419bf4a49e99a1,benchmarks/sat/satcomp2026-main/official/db099269d468029b70419bf4a49e99a1.cnf.xz,120456,5a450d3e522a34d86d5d0b2aaaf9c16382fa7199e6606b6c12eab9cbe6f0694b
db15a85651e0d941a11bf8640625edd8,benchmarks/sat/satcomp2026-main/official/db15a85651e0d941a11bf8640625edd8.cnf.xz,12216,fe0d056044b4ce88e9a7d38b207ef3a11fb46113f7919e5b311b9fc1c1171643
dbbcaa7797145dfddfa4fe73ce91fdec,benchmarks/sat/satcomp2026-main/official/dbbcaa7797145dfddfa4fe73ce91fdec.cnf.xz,7501032,9454d4f9a7d9bc1cb745471de5a08cbe73035d170f41e46b40ec0877317f2de4
dc3ac89f98e9c3fc43450e256dce1154,benchmarks/sat/satcomp2026-main/official/dc3ac89f98e9c3fc43450e256dce1154.cnf.xz,10004,f9e036b98b0319085e093db15b41a29fcd1421f5c9b6db720233be4c8b40d10a
dc691557cfebca28aefe7360768389e5,benchmarks/sat/satcomp2026-main/official/dc691557cfebca28aefe7360768389e5.cnf.xz,1033760,6cdfd615103e5469077a6df6ef1b1555aceba944926902ac8075d5f519e544f9
dc7817dfa2817916b266c1cfacd2ee66,benchmarks/sat/satcomp2026-main/official/dc7817dfa2817916b266c1cfacd2ee66.cnf.xz,215248,0beae3f4bebe846db2f1b7a4cc85aa2c6e576bc5a49117a9aaa0bf37902f32c9
dd062c307e10ebbb0d5641709ff26a7e,benchmarks/sat/satcomp2026-main/official/dd062c307e10ebbb0d5641709ff26a7e.cnf.xz,271164,24b5f14abf22c41a682775f1f5f482abf52c0065eae6fc0a2e99bc79d9545bd6
dd5d530ac8bf0019412d023488b075eb,benchmarks/sat/satcomp2026-main/official/dd5d530ac8bf0019412d023488b075eb.cnf.xz,21724,e7cad6615803f24586f97c9b6053dfcbf244a5b1bae70a8dc23fd0090bc71971
ddf6fff9ebbbe9ec2a02f70b3316db6d,benchmarks/sat/satcomp2026-main/official/ddf6fff9ebbbe9ec2a02f70b3316db6d.cnf.xz,533396,f6e9bed5bd941bcce484cfa9a3022de23b18a168c6e12efcd81aa77da2311afb
de3440b67769e7af00e58ec9cce9847b,benchmarks/sat/satcomp2026-main/official/de3440b67769e7af00e58ec9cce9847b.cnf.xz,517968,49f879871b230ccfb3b50d40757d5a9b80751c925a2e6a39776d5ee84d9d61cf
de8c42d50f1dbf43a731f1916dc6bf01,benchmarks/sat/satcomp2026-main/official/de8c42d50f1dbf43a731f1916dc6bf01.cnf.xz,28384,91ee1fd326bbb033dc11e514a3a73390676572a204f0745c75db96ac3c0611e0
e1292f8d651e022362630d34fef69312,benchmarks/sat/satcomp2026-main/official/e1292f8d651e022362630d34fef69312.cnf.xz,231156,9e995904d4b5c09e7f94c45a41db666daab1992bc06d829eb1b3d6908a407064
e2b819680a045a8af67f82fa2f3d945a,benchmarks/sat/satcomp2026-main/official/e2b819680a045a8af67f82fa2f3d945a.cnf.xz,1184172,4b17b5d348612bda36f1fdbc2f16dd2e5c4aab7e99f6cbe27f776f272f6811fb
e305def35c314eec8266087e89a9ab46,benchmarks/sat/satcomp2026-main/official/e305def35c314eec8266087e89a9ab46.cnf.xz,307220,9edd7066a583de597f9e3c2f866aa1630032ec03ecd607f4d06a24a5c8ff0015
e3a132ecb8108f7d8a46b6686e686b60,benchmarks/sat/satcomp2026-main/official/e3a132ecb8108f7d8a46b6686e686b60.cnf.xz,30772,0ed5f23980f23a209a6c02c9a12bb698f315d3fbd3187948e23548972fee7087
e430acf720b63044e5c825a00a76b0eb,benchmarks/sat/satcomp2026-main/official/e430acf720b63044e5c825a00a76b0eb.cnf.xz,15600,1be8fb63c1ae98d59ebbcde12e99769b38b9b8e2f7889cdd73057cac99ae1def
e4d1892db27b721b88e5ee7e5987649f,benchmarks/sat/satcomp2026-main/official/e4d1892db27b721b88e5ee7e5987649f.cnf.xz,81968,601167e14b81793cf04fdaddc4ec2694a8b868d9033945d22d81dca1384fd6e5
e5066e18b03451d92863160ed8166bdf,benchmarks/sat/satcomp2026-main/official/e5066e18b03451d92863160ed8166bdf.cnf.xz,377880,e8a65cc56015c4f2bc0776b4c4ac8bdbaa5bca96f9e25b54f500cbd7bee59b23
e55a49d8065d65650f24c0f3ecef30b6,benchmarks/sat/satcomp2026-main/official/e55a49d8065d65650f24c0f3ecef30b6.cnf.xz,1585628,ec428fe78fd014314ab12fdadf413aec798869b889b6b4a3b084690503e83775
e5787bb4c8c29aa39b14a5e11387999d,benchmarks/sat/satcomp2026-main/official/e5787bb4c8c29aa39b14a5e11387999d.cnf.xz,100700,1de76105b1753a4994c7eb9444fe3547754d8ba2caf92a2627095a2229c3316e
e67d733d9938c565d6359002333611ff,benchmarks/sat/satcomp2026-main/official/e67d733d9938c565d6359002333611ff.cnf.xz,30184,e849505431f83901177955265c78192ea2c0e0c2d8c5b81e77c8b838cb145e9b
e685a5d96e1ee9e051f191eca84b0d88,benchmarks/sat/satcomp2026-main/official/e685a5d96e1ee9e051f191eca84b0d88.cnf.xz,21396,45861bafc864820d7b894311c0cf264f634536dd4564cda03f4515f44e39cb4f
e85fb114c33f450dc2622c78bc6fa019,benchmarks/sat/satcomp2026-main/official/e85fb114c33f450dc2622c78bc6fa019.cnf.xz,198030164,3e6f581b6d3e6a256ecafdb8587868b2c8c0a9cdb278e3c0e0144987cd95e774
e8ccbfaa2762cd0fc22b0ab05bacf529,benchmarks/sat/satcomp2026-main/official/e8ccbfaa2762cd0fc22b0ab05bacf529.cnf.xz,333120,0c0e4adf76b4c66f8dbd1447fbb0012aece177dfc60c0d428362fdbf7a466bb9
e91253303b915493090c1f4b59d9e969,benchmarks/sat/satcomp2026-main/official/e91253303b915493090c1f4b59d9e969.cnf.xz,51896,f2b805a0d785ed227a6ebe41f3a743f855872eb7e3a96e53f263d337b39b05b8
ebc40cf47836100655aea44ef1ed46da,benchmarks/sat/satcomp2026-main/official/ebc40cf47836100655aea44ef1ed46da.cnf.xz,550328,c0086f84da80906a2b5377068b1a45ebeb8440a6adb0223eb564cc9c8af350da
ee44c3f464238366729bf2cb16eb412a,benchmarks/sat/satcomp2026-main/official/ee44c3f464238366729bf2cb16eb412a.cnf.xz,73984,0d490b83afaadd2503bf372766a0817dcfcecb83bfc7aab599acda4d69f4865f
ee8c86d39745aea1c1731d4f34bcaed7,benchmarks/sat/satcomp2026-main/official/ee8c86d39745aea1c1731d4f34bcaed7.cnf.xz,97963496,43ce6142c902553b716e147ac8b355125ee66d0b83d58ba0daf50381c5297265
ef063cf2e17dd6472f514ab549a5eed5,benchmarks/sat/satcomp2026-main/official/ef063cf2e17dd6472f514ab549a5eed5.cnf.xz,9359240,464601d7f1e944e9990b56f20bc0842f01fe636c6bf15382013a33d495931ac8
f15a3ce898e0c66f309bf07d73744adf,benchmarks/sat/satcomp2026-main/official/f15a3ce898e0c66f309bf07d73744adf.cnf.xz,76722228,8117fbd7eff9eae249c949602bdb72fdef1305a6ed227a4f39f9b725a998aaad
f1d1a4fee20e2907c33465a88d1e24f2,benchmarks/sat/satcomp2026-main/official/f1d1a4fee20e2907c33465a88d1e24f2.cnf.xz,761464,76b677c8c2748ca6bf42c12ee91afe457f338d431fcece1f5e82b37ad4b72bfd
f2c6d035d0aa58cc06927af6be7a821f,benchmarks/sat/satcomp2026-main/official/f2c6d035d0aa58cc06927af6be7a821f.cnf.xz,9411540,665849f35a1c50bd526f802ff3eb54ebda6d374e50beaa010e03780a06ec10e1
f497bda3018958d7ba2d1cd99da3982e,benchmarks/sat/satcomp2026-main/official/f497bda3018958d7ba2d1cd99da3982e.cnf.xz,22100,ed0b175011e6412223dc99991527a61faff4f3b965c1cc1ceeab25421f47f81a
f52a349677a5b5b5315b5954b3181fe3,benchmarks/sat/satcomp2026-main/official/f52a349677a5b5b5315b5954b3181fe3.cnf.xz,843488,0012fedc1df276fcf224f5907ef6fe87af94b68e49997c3b91da369ccf46c3e5
f554b55356a5e0ed39dbf8c1030ebce0,benchmarks/sat/satcomp2026-main/official/f554b55356a5e0ed39dbf8c1030ebce0.cnf.xz,79027820,6965c6823653e9509e95d036cf81faaced28577d75870e3d647c8c86478cf68f
f5bb000a2fb23f3a5c19df2b6613cf77,benchmarks/sat/satcomp2026-main/official/f5bb000a2fb23f3a5c19df2b6613cf77.cnf.xz,998620,4d7c231eabaadfb1631e5c2d8f9dc6bb82954c354ba86e6f726892e0233b342e
f604f43d1f5525f3dab4090190adbc66,benchmarks/sat/satcomp2026-main/official/f604f43d1f5525f3dab4090190adbc66.cnf.xz,377880,92d892a2ea8d7a8ed47b0c969aca5850ee06ddea67165d472b52658aba9cd9e5
f83424f869b61931d720f93e5a12df3c,benchmarks/sat/satcomp2026-main/official/f83424f869b61931d720f93e5a12df3c.cnf.xz,6164,a67b045eca87cfb6046ceb5662e599bb6f7f6e1fba9b9b35f3383f81f2d23514
f8443057c188f6c9cfb711ff3d4aa6ff,benchmarks/sat/satcomp2026-main/official/f8443057c188f6c9cfb711ff3d4aa6ff.cnf.xz,982008,e0a07955e064f7491a6212d6a0f64b9e928339e2e3875ffd0f2070c2ee98dbe1
f8a3fae231fe11905d91db3fb6c42449,benchmarks/sat/satcomp2026-main/official/f8a3fae231fe11905d91db3fb6c42449.cnf.xz,91840,d621d2d809d9803fc27771814bad7c112b7ddc69e33aff348d710abec94344c0
fa3e27fb7209620b792d5c75a75d669b,benchmarks/sat/satcomp2026-main/official/fa3e27fb7209620b792d5c75a75d669b.cnf.xz,345836,e4f5829d397969692133ceaaa807eca98d1bf1eaacfc776c5ee6bbf0983c3f3e
fac2035ba83ac2d0c2d67509d3f82b94,benchmarks/sat/satcomp2026-main/official/fac2035ba83ac2d0c2d67509d3f82b94.cnf.xz,26152,53cefcb69e3dd9a5f21a3f9caec8d5b39c5cea61b78d5b85e5e5985ef32c4553
faf4561dc9f61c71b926d7d0aec7fb4a,benchmarks/sat/satcomp2026-main/official/faf4561dc9f61c71b926d7d0aec7fb4a.cnf.xz,1312208,6b1564721e7b3b6a636aff7ce233b19deaab70817a51f0efa9f04c7229900f66
fbbfbee9e6cba8bca18fbcfc23dcfcb6,benchmarks/sat/satcomp2026-main/official/fbbfbee9e6cba8bca18fbcfc23dcfcb6.cnf.xz,21320,4e3a0bd52b31ae4623b9c6d7c7e066ac4c11574c5ead12c1e11ddd7aaabf4636
fbd9968f5067604694f11f14c07c5527,benchmarks/sat/satcomp2026-main/official/fbd9968f5067604694f11f14c07c5527.cnf.xz,20424,e563aca1af77550ab8cbc83a4e7547e07090860a04e6ddba2e8f9991586759f2
fbf3b9f8a03a1efedae3da04622fe96e,benchmarks/sat/satcomp2026-main/official/fbf3b9f8a03a1efedae3da04622fe96e.cnf.xz,66316,3eaca7ec16326c44de4a8e98a826572e5c714b5bfe3a86e5b65a9c01a8a85d1f
fca71c20202ef404349136c3a00465eb,benchmarks/sat/satcomp2026-main/official/fca71c20202ef404349136c3a00465eb.cnf.xz,65788,c31b229c67a7879e4b60d846777b972dbb3068670361d37989081b9b8c57f7b1
fd1e0ce3662b9b25d23eb01c6e53a425,benchmarks/sat/satcomp2026-main/official/fd1e0ce3662b9b25d23eb01c6e53a425.cnf.xz,614776,29a3bb64a962c0330cc3b4e0c47c4b1f255b5a0666681d719b0cead7686aa9ab
fe776dd02d74e0d68a3e3fc3f9d934de,benchmarks/sat/satcomp2026-main/official/fe776dd02d74e0d68a3e3fc3f9d934de.cnf.xz,10260544,acc2dfa17d9777ca8e8f1373101341f83b62041ea9ed52715f49d9a16df88458
fed1f1b55b33c7e0f8356832d571b0bf,benchmarks/sat/satcomp2026-main/official/fed1f1b55b33c7e0f8356832d571b0bf.cnf.xz,565948,a9dc488bd569e238f8b4843253e3b385a11e629d331b248cdbd55f7b679e4a81
fed3f8d39738c2e935e8ed13ddeb6967,benchmarks/sat/satcomp2026-main/official/fed3f8d39738c2e935e8ed13ddeb6967.cnf.xz,30672,f6e312b5a8336e34c5bfbd2f8516ec8688fb459b444d8cfd930c503cf327a20d
ff706804d01ac07e8b8502de6331f2de,benchmarks/sat/satcomp2026-main/official/ff706804d01ac07e8b8502de6331f2de.cnf.xz,63760,ee047f224a2fa548cae9328525f7eb738a616c849f4ee12aaf77e0f9bf248195
