https://benchmark-database.de/file/00d5a43a481477fa4d56a2ce152a6cfb	229588	5516ab2104fa98ba89fbb512f2bc5adf24f95ead37e82482be595c2c8c1114c2
https://benchmark-database.de/file/00fd8ac9acd186a7a78a2c4d92f90de1	174293952	df8ac45bf7a2e52c0412447122ff38bbbe80eed890d437d977c1b848108d2111
https://benchmark-database.de/file/0205e2dffaef93a90c239df31755f2e1	1390568	b23712b22c24f96bfeeda1fb8fdcd32dbc39c8f37d2f8ba49b69b79829875395
https://benchmark-database.de/file/032941f5f28c9ac53fa1c80d35f3206f	75006124	6c29fb56d4635d9bd483b2f36e054b650c15cb1de714f3b124e0374eafa5f645
https://benchmark-database.de/file/03e852aa864cfe6eb49c264b462b8157	741552	5969d24076703426a60e0fced9b3b757a572a9d62f668e976960852aa40dcbc6
https://benchmark-database.de/file/04648cef5bed430ab6429991fa9e107d	64980	1936e6d398bbfcff69f8f2e8db9c6aaa3331564cb9c0b19fd3758154cf054cbf
https://benchmark-database.de/file/04f43bb4a4f2c193a18e7195a4fd8e41	2916492	a6b56bcf7d5b407de933e52b8cb50ab17fb720fa8597d4e54aedbe71b7d8b9cc
https://benchmark-database.de/file/053e06424279f5cfec8bb14dfa9af23c	69672804	16cf4468b27d0f532494f3fc6da2c4907bd7f4882db97c4b837bf668a603c459
https://benchmark-database.de/file/062f58e44eb73f9274b57af5092cad90	930372	8e716a262ce555f5d9d785844902e28a7c72992c54dc4942f82359c58d17054d
https://benchmark-database.de/file/06d2ca2ee0b47f00d93090495f7fd4f4	126784	83ca8ac2ed81911682710b01ce8657bb4aa51453b22198d518be855868aa4948
https://benchmark-database.de/file/07cea7a64248a60d509368d09d3057c2	4583288	212ca6670d4776340d1e46a6c992cef6cbf3867af7d69a0ff7427ce9872949f6
https://benchmark-database.de/file/081f111af59344b61346367a930e24f6	2828	244ee1d6a21b0ebf8c0d261aa4391a0ad039273cfafd23861c168040e645df55
https://benchmark-database.de/file/0876c518e5653369e20fb1ee0bb8db40	252808	12b8a49631d93bdd23fbe986c067eb0d494da9391ca3216e4a58954cffb7b04a
https://benchmark-database.de/file/08d56c03e6561f6b9bec2e3f344ea3de	13156	8d24b32a0cf912b3e347e690f7c323ca7531c0a832ee52850bdeda1cb733b43f
https://benchmark-database.de/file/09befe1ffd4e02a988cadecd0a012261	41687536	4419c543091608b0064c24ea616887899af195ec952cb063404d5cd5f4eefde7
https://benchmark-database.de/file/09cd83e233380d0ba1fc56cee88367b1	146132	03d81a900d1f6481daec12e2539de6139cc1579d7fab571ceac02ec68f8b6e99
https://benchmark-database.de/file/0a4880c0e882e6a4a31943522573c394	2792552	1ddcff26a1f5b1fa0723a2c6c9fd27650d0c46f687ef982330ed2f78087506db
https://benchmark-database.de/file/0a8a4c28d27228e954354ea0a6e7f16c	10227116	dc26f207a97200e5b52a46a62477381055b7f0ad41b962492f22a901ed1d1049
https://benchmark-database.de/file/0aa22564d00e9716519918d84b25c4a7	4529752	0edca7e226ac0df0bb8edfe47e0a26dd87652a95e68ff04920f0591c4efece17
https://benchmark-database.de/file/0ae917c2e0c1d39cbe411c29b2f5ff08	256040	ae23202ebf6de47a653fb74430a7603e155a321f2826929864e9bfb69c41ebbd
https://benchmark-database.de/file/0c0430a68f147be18ab3fded07f30fdb	5999740	31c535b55f779183d06287db6a40f3866a4b6ad16b1ada61511e509bd25c99b0
https://benchmark-database.de/file/0c9bcbc815cf0f109b7aeef3fbffc42d	57468	d9ba851e03acd5a3894d1a01ce8fab070a7559404a47159b352ee7fc57173234
https://benchmark-database.de/file/0ccb0f855352783a972be45188bf3164	97928	3149dfc1af82ac224050808cfa7b6207fa9a05122ff248ac37aa589c7c20290e
https://benchmark-database.de/file/0d8779c22e2caa8d676723701e5a0347	51795716	e3d9ce161242b9d1c5c2edb3f3db8a1bf90a322719172b15ca8f89e5bb5bb393
https://benchmark-database.de/file/0dd928240a9559ab7e50d088e3f168ac	267103932	95f5841edf9c33ba7959d02838dc582e476fe130a6cb5ce24a1afb1288b32f83
https://benchmark-database.de/file/0e1d562093d5f4fc9013cf4a14a03f70	111580	e56a8b6d9099fab4950ca38c9c759958d9d7c31ca8bc0ea78fad5238d7d67382
https://benchmark-database.de/file/0e36fa2e12f32cde67937803299fb57b	5331380	293ad975b7cfd008fa4cdd867b9b0e446b9e5c21f85f04ba2effa951738b2d86
https://benchmark-database.de/file/0ec8c5e9084cbc8a326f8f37e1abf741	5707648	5eabb956e7c1540bebe24f624d33b3ff4a4fa99ff5dac806cf9779c9925dd72c
https://benchmark-database.de/file/0ed8c06438673f179985a79b9d6a9fe4	62056920	a03e17c57b618b0e644482d7941b8082b838c600b3ef7d48f4a9c1e4f2fb6905
https://benchmark-database.de/file/0f269188707a1b2f309dd1c70bfe22b0	1343212	5ca1067c8f3a95dde472845f3b3aed6358f7723eeb4bb5b5b21915c72ac15683
https://benchmark-database.de/file/110f8eb8b9b80204fe955ea0973bbb00	18288	fcda61076695cc9f09fd4dd1ba302ddb72bd6fab04d29612c04d4c5bc6be4fea
https://benchmark-database.de/file/113e692e379518bc3277855277dcc1b8	23090092	e5154585c040e790b266d83e8ccef82eb1377ddb41c30f57fd945efab1b9aae4
https://benchmark-database.de/file/115fa7f61704bc12b2373aa471bc434f	153856	17fef950ada4c4c0300a373061f13827ed2a4137e6e3cd851a4ce25e175b9d0c
https://benchmark-database.de/file/12820b981e6b199a1b1a8c896386a337	33340	f2a70ed11f102dfe3c3c61adff685f22ca77793c9b98b7826181e3d4f49f30b9
https://benchmark-database.de/file/1576e239e1c17939f24688a12fb10fae	2584500	f80ff525ab9fce9dc04b1aeb70b77ed5c73b448220ed563eb8bd9f108f60174b
https://benchmark-database.de/file/16564a6acba6b9fc887c447d4e507767	96208	3ee6c6db49c2d64d13121d47a59e4783ae5525d96c9668ba72c1e1ff6d75b5e0
https://benchmark-database.de/file/16c999d046885c8e51f196e60c34d966	538464	f8a066f2eb326f2cf1dc48c381fac48886a6f18495cbb33047828b01e6bcc66b
https://benchmark-database.de/file/16ff47a05b769ed6a04c7175cfc6da55	53936	954a8c78314ea43845f369e06d6054768c6ee1a36a22aa88c67e179baab86c7f
https://benchmark-database.de/file/1753a71fefceb0250a75e67b610050a0	53792112	6e5a5ec320519a69ec5fd3daabbfff9424845cda6dfc58c6b9505c3aff2cb170
https://benchmark-database.de/file/1890f49a43a94b97828528b68c32b78e	4140	665c42979810e10eef32e9bf1a81b6cf85a35bd055d3b95ed0b85e661a5a64d3
https://benchmark-database.de/file/18d4124324b56e434118f9ef72198d84	7489328	f7b16407b1b9f202cd50b00bb88de30ccc1d07694b3258c468670fd0e4f0f87f
https://benchmark-database.de/file/19951d43eff5fc4ef6fd07d7a5324fa0	11911460	3103f20305c6dcacfbc517bdc50456d97a2a1fb50f25df0e0771b5b0c1e14e3e
https://benchmark-database.de/file/1a92907cdec0528583a8f49a818b406d	30096	ee2b5056bd927b99fa61f0bd808c5706e36934a3f91eca300b2bb89ad2b4887a
https://benchmark-database.de/file/1a936d41e3439d602c3ddcf96458a38c	25020	78937c14cd3d0e4db7f9075eda8e591f3afde30c3a9c0bf1c457a80dc7d797b0
https://benchmark-database.de/file/1a9512580b2d946ebd41de4e8c08c42d	16838760	cd9eabf5b25b25c8e708d4d541fd4426b5c9a3d29bcc36a0178de0da9d2023c4
https://benchmark-database.de/file/1b3c7ac17705be94daaddb5f5ae4816b	1274888	79f44aad5f7dbc2441e0d3e8de8b9b2efddfe9487ef7b3f1742b6206f2319c6e
https://benchmark-database.de/file/1b84df53843ecd90ec8c3c7a01cada6c	11536	27d2a226c53e216650f48920c267fd57a6cbcf6573358f3e9b2cbcfebcf5c6e5
https://benchmark-database.de/file/1b8806812861df2b7e91dc316ad1ef80	5186676	18679e71a77a0999ddf0c42d4dfc110cec27c53d44c47d509f94626750e24602
https://benchmark-database.de/file/1b9f94befb5bc867c0e882f49973f793	1029756	43d16e53b59832916ac441e9684dd269011024a02e252258ef0394e1726665dc
https://benchmark-database.de/file/1c21a43aa1ad437e4a7e4eb5b9cd45a1	438414116	9783e5be11cea236f13a0d6800173103e6dd8707367f7a064ec249060363b235
https://benchmark-database.de/file/1c30806c5aa9cd54bf823c20fa078243	441708	9d9958f712ff15e7f124c1efdce5e16be12db528947b34cf0f175b5342c91572
https://benchmark-database.de/file/1d18837c0ced5c18a3a4693993e61728	1134112	f478e87edfd222efbf22706f73c89fefc5ff2291c8fffbcd8266edd8c73cc0f1
https://benchmark-database.de/file/1d90be3e37a42432d281cf6c1b8eae4b	42536	e47aeeddb440f5b3d20220c25c207ee54e6a47291ffbb907be4067c8dfba457b
https://benchmark-database.de/file/1e0d58c7e52319b3b17e343ec7ca6de5	119692	9d950c478a6f1a46256bdc75a1c5611642363577fd7c9c675a44324339ace2a2
https://benchmark-database.de/file/1e87463fee15de63143796fd92d88a58	27869852	fbefea5e076513d87fcc0c19494eb025fc89fc90250128ef2001764995aa9f44
https://benchmark-database.de/file/207ebdf62e5ce54c8b4ddeeb17843a56	2912184	3e34f19ffca8fafdad0a571268892478ecff86de6f3b82edad43cdc7f5d64144
https://benchmark-database.de/file/21415e807689ea75536e846a24623de1	38868	1a68d5f165e543368e01f968695f3c94a8be37d628b8aae9cdd0396c85773c21
https://benchmark-database.de/file/21b173943af57eefaac5e88bfa2662ad	119472	73e4c06a0844bfbb00677c85bbc7acdfc7066cdd24ee242e98dbb55fab2a878c
https://benchmark-database.de/file/2241a1fb5bdbac0c1a3c1980ed8b332d	2177316	7d67dcf443997b8fb218151f01593e47e6ad8b0a7d4f91dd7524ac7a7bcef5be
https://benchmark-database.de/file/22c8d6aa86d51e15ef5ab37479eda22b	774932	e2b04ee0e5224d6228eb0729f0df6d6514e9b3c1b37c2a7b34a4d238f534ffb4
https://benchmark-database.de/file/22df1827e3253fc824cc7ce806d75e0a	9044	6d80416a88114f7a0b1116d0937d961fd6d80dcf23af0d8128243bb6a0c49355
https://benchmark-database.de/file/24075575c3dbd9e9eae948dd2241b029	1190420	5f4f3b221bb0e7f4e09c2dd51c33bd40b57027d52a629f99f64736f3c497b53c
https://benchmark-database.de/file/2412325e3c099453b99c87864477363c	12596	799a2f14cce369666563af53e2dfda3bf0675f4cc2457e71d47104fba7d6e1b2
https://benchmark-database.de/file/24bde22f729a988fb2394b644cb60d39	1540072	94849afe4932ad93f37d2d06870036a8a065d2b440462cf5581f8ed80475f2dc
https://benchmark-database.de/file/25390e9d1fa1926485db7eb2d5a20ea8	1467592	48083ffb2105bc51c02ee0d6f4b5ad6bc01db8e9af4f6436b0020de86917664f
https://benchmark-database.de/file/27570c6780aaade3dc771c6a12534fb8	886552	aaca7b9d844cfdafe565be6e71595ec503cb00c5360312d600fad6b927168380
https://benchmark-database.de/file/27cb3a6ca772613c5998d7f78a55ba45	1222784	0b6cbe0e8140ec74f8395487c7a6f8dabc6acecc55408b51bfac2998711a56b5
https://benchmark-database.de/file/28eeb2beac7005a9afa98e4d3aaca621	4255900	b593364c559acab10fed9546371efe2f96683fd2c21021439dc340d6fa1ea85c
https://benchmark-database.de/file/2925ee90763e08b2f7e79c7c713c86b9	3484812	cdaa04281bf1b62fcca3426ed835908228f636d12f4379766b5d72a8b081df3a
https://benchmark-database.de/file/292bedf65cee7cc38fe8b2725eb50868	12204	975d48eadfc208290d6f7791259296affccc9b63bf8a8adc03ded9f23fafa3f8
https://benchmark-database.de/file/296fd43ed40e242875984420f29be73f	431624	94b4054482ad153508d0574004c251c4f2a311633acf2007803666297b61c70e
https://benchmark-database.de/file/29b573e0f7b922c4bd0a675db005265f	1398904	d8558976bb5b8a291b5d1ca9c997470b502f8e8bfc1abb84e7ac547c5069a620
https://benchmark-database.de/file/29b7d5a498eff7a98fcd03a273eaeba3	25953012	0d4ea2141b8a0b78b55a34675faf9e86ede6dee7d2bd0547954331f622b981ae
https://benchmark-database.de/file/2b4467a5ac4ac41b36d4c3432b07f767	10264652	1c9f790e2b009354212f620c2bc32d452674a93e8e526ff3277ef64bd9f9fedb
https://benchmark-database.de/file/2bdfcf23ac1829912a408402a540972a	223860	377cd6b8ed344fcd44e68d96f82654abd70c7ff31a86f471471fd2f4b49c2238
https://benchmark-database.de/file/2c8eb0402be32cf281e23f00d5a16259	4269744	74ab861e2284c627e56937118c8f38746560395171d4c1ffe8623803350be23a
https://benchmark-database.de/file/2d0c041c0fe72dc32527bfbf34f63e61	6236	4174d1ca42ca3e2372ffd92a513866294ee49ad5cdd7162deed59f189d5fa888
https://benchmark-database.de/file/2de9b79919882078aea76f297fc923e5	72304	e9db954291b89b857298d83e823d0054c7326e4e3972a0ce12e03938bd51289b
https://benchmark-database.de/file/2e058841373f34cc47d8dec927fd1796	16286300	4677ced3cb0f924217da42b0330c745968791309dd810e18e7246031eebe0ea5
https://benchmark-database.de/file/30f64b3b0870ce5d22d4217782224dfe	3171956	51d91f210c69f0cb647fbf9433152fa9318fad0271a0129e37a4ede238e5a7d1
https://benchmark-database.de/file/3197b65ef50328394a0c9e73281d7122	174992	b43a0a2df4fadc3811458452ebfb558f68ff11411c7a7cab26538135d453f317
https://benchmark-database.de/file/31e843c53a76ff3961935ad55b953298	47156	ace45c2ab530ec0af551b587130f0ace4b191cd38d06fd0ef2e02706410a11be
https://benchmark-database.de/file/321732c1a401ff109b2f2b447e3dbe5e	28548	9a386fb0999f2dc6d889779cf9ae82a8d7b28ec2dff6190c67c77b8d7f71f33e
https://benchmark-database.de/file/334aa882de28856fc8c75885285d2a3c	552044	7ad73ec0592c30a3428b826db39a17cbac457b8e96577f8d5da48802138c6799
https://benchmark-database.de/file/35748015c5f16c9ee7e4d1894af497a0	4267368	798e6a21073247e52119a379c76bb8ffddc0e0ce663d2a4ccf84e012eb1a5167
https://benchmark-database.de/file/35b9091b90bd28a492c9556d6fc4348d	1097532	6630c2eb94268ba4a6c32f2250d5af674be555c0de3af151fb58165c26f6edcd
https://benchmark-database.de/file/35ec95b9b2398fb522db178855016ae0	71708	70ce315c551f5308a75d37b3701facac3f8404eda400129997e5c42ff280bc43
https://benchmark-database.de/file/3619135ee5865be0a107449fb31defd9	11908	a1e8a1601b2de19f748b799a9e0d917aa8744ff0ea207a65cce4478deff4da19
https://benchmark-database.de/file/362d153b4162127bc42796180110f483	48056	a83dd83ae2e5885c4eedb0c4380e5d8c35efefa9e46c5be55e9525183464a687
https://benchmark-database.de/file/36ba44cf208034e2c8e84a1971b9bfd4	69424	e91daf24b658156203e9afdd7d173b29b9ae1416a1e0038a11eef589686133f6
https://benchmark-database.de/file/3746303c659ef65aaa78f3b52cd5de49	17227572	9099db494657bc7962d2f89384aadb1cb7f98ce8958fc29211c0f0ee52d47037
https://benchmark-database.de/file/389bb0a8f3568f4bd0e71771df9093c5	35288	02ed1f1ccbf47cf30c79086f7926d7271523abfc668777562efa65144ad311a8
https://benchmark-database.de/file/395829127ec213c2e69a6a13dda3623b	55956	ccd1a21856918002efcaeda99966a61f8967eb1166b65daae3c68d23bcefd4aa
https://benchmark-database.de/file/3a1f1b4b9a521737cc760017fe9d8b43	135184	4ef03c7227e813a514884d7a66f3dc273830801d1a04ede43dbda542f4b1b1ca
https://benchmark-database.de/file/3b5d7ec347010e177bfa04b298fc75cf	1331460	3ce464fb9cf39c7818d4da76def8c5a3cdf3f6a2c270eeeb4d264873e026686d
https://benchmark-database.de/file/3bfa92996634d2ddc6c0568bba9a0f99	10708	b1126cbeac52353c819ad52f0e3d287932978256b60ced9f5ff2f51295084147
https://benchmark-database.de/file/3c0db78733bb05b9d1e9d7627b2e8f38	965436	7f40f0ee1385a302830dc14efdc358e51f08cfb98ed2cf3108d526517619b854
https://benchmark-database.de/file/3c129545f090ef08b6ef89a2903ff83e	4259652	301f31677544b8d4b6552752934815eb20a7483521d900c7c091f4c1eb527970
https://benchmark-database.de/file/3cda1cbfbcabfc71ece7961d4d6ad1bb	56936	001e2ae6f1387e3c274d7b24aa9020fc4105eb6adaeaf476df61699b8e7fdd61
https://benchmark-database.de/file/3ec81fcaac5a1da8a6ca4da0b9d8eb02	774476	104a39c466be32edb518ecaaebde3548db372a3857b3987191c2c46ab0763214
https://benchmark-database.de/file/3ef7fa06c6380f12cfe2970873da6fb1	507540	e397adf277d1bffee94e5240642988c4bdedcb5013351f15da58ca6d49d62fb6
https://benchmark-database.de/file/3f67f6767764855e516e5394be1145e5	12560	cae3e3d680e0d57cfa7ec9df9fc3cb202a4043b9f77f30b1de730829034d9af4
https://benchmark-database.de/file/416e33a8463911546e4cd87d282a7e1e	10764	a7239dc5ef6512d1409648a0d6388f753a77d6459c1ea6068cda861af3cb4322
https://benchmark-database.de/file/418b8aa42088cb0b1d85014dfa285b25	26652	e0cfd8330b440299e876286e515708824c3ca37f4f3e15e6e5866b38a342b41d
https://benchmark-database.de/file/41915707d831e1365389d3cc47c7953f	5233320	06678b3f770ed29ab2b2799391baf8f02e5cfbc75cc59c6980d37f42661a4589
https://benchmark-database.de/file/41d14756a06872844577fc0abddb58aa	1236744	59a4672e69ecf88b7311a4f6e29ec9c6dd7cd208e6aed747066db95d14f94bdb
https://benchmark-database.de/file/41f507717c7c4553d23cd0cd1fc40104	1159084	e45d3306809516e004f33fb681d81fee48ff6891e8c14a7764ba6c3fd35a1639
https://benchmark-database.de/file/42f1311ce504db8cc0cb590a568da20a	2372	497cb2a80a83773164c22e4b806a50d043a2c789deba41ce8d0ab684a481a2f8
https://benchmark-database.de/file/42fdd4f4c27fd03267afd82490cb59a4	122941800	dcc59f55d09e184199cb6c5d746991a9ba606a3aa8987a83bb9707e180beb8b0
https://benchmark-database.de/file/43687a48fb119ca61b47c2fc69a71e7d	91920	963cc2e9962f4dae0402c163a0612593bbb99e95c96f74caac18df248632508e
https://benchmark-database.de/file/43ebdada6f6153b50a140ba908d5bf44	9812008	be0441c7e6a74e58c371fb03a3f70e7f179e56e77d74f1d247e009f105e9cf0a
https://benchmark-database.de/file/43fbacb24ea30054dece1de179c4ca7e	96204	2e2e30dc28ce27f975225804ab38ee346d2e996d599957424354c67dc7fcb55b
https://benchmark-database.de/file/45742d067cc851edc1201d8a02586eac	5432	8e8b0b26ab60e7f5afee81a48d3279454a157235fa2ed6e35fa4220ba14fd05e
https://benchmark-database.de/file/46355da785714f239393e7630020cae3	512584	875fef94217153d34f7d68bf1f15bcf8f348e24819f568253a0744d05ae67176
https://benchmark-database.de/file/465795fa2641c616ce76de8501672a19	85420	56d07d7be631e0a4f53e0431c19afcce52c8e41cf67642e2371dc11020bb3364
https://benchmark-database.de/file/465c7f101b2d24de63f6a6f544faa9ee	27865276	18110129fc6a6637fdbfe76904def19679a7edc26539067cce538a021a62f9b3
https://benchmark-database.de/file/46a8727e27d848faafd83a990c2e01a7	68952	de66efd9290fa329aed619605aceb2d0015960b4d7c155dd69185596b85bdc83
https://benchmark-database.de/file/474e9594ec7885cb1bebf66073eb2de2	47708	9b1429f1d19ec95f894583e32cbb0a0a0342b44ce122d536a45aac7401e95e7b
https://benchmark-database.de/file/4761df10c93b58dc5985ca8a43c959cf	23240	c184946175c52931579f5fc312e6b8f0b15cc9f2c4bf4d97d28245cc3f590073
https://benchmark-database.de/file/47f5872181a581dff34eb33123fe3242	478684	fe5b888c4b37dde398657f7c6f7adbd4e6b84c697f2712d23767db975189e15e
https://benchmark-database.de/file/482295be38dc1d63a16f3cf649ef7ef6	19348	cb5c5b430c0aec0855e5ff68e9d1a10d1b5a4f2e4b42e7ed9c3a047b507985f6
https://benchmark-database.de/file/4ba2c1aa580b6497df6baf5e7e2c87be	314252	6e445d37403117ed8a06fa72c7fc6efc0fc8af4511843baf1091825aa961427d
https://benchmark-database.de/file/4c037368864330bff3940837ac28ac14	50352	83c818017bb2fbd5944a713b7607f26bdfca938faf180cf025428262de01a957
https://benchmark-database.de/file/4c3001f8073986116d98084dde70da05	47528	deb797715255bbb783bf57f96d8249c9a69df8381a1dd3494bf11250e4fae1f5
https://benchmark-database.de/file/4c7e09f077026b9ee3900bfed6825fbb	62960	3698e277cbb8186b94f19df6bc8c919e30d6c27ba24fd4197d4ee47b681819e4
https://benchmark-database.de/file/4cf3505e5183c26bbd97d89fdaa93f8c	199784	127e2046a08dd56fbe6367fd8be54687ffdec76d4bee4de46c6d6342c6bd87c6
https://benchmark-database.de/file/4d6e18e506b7e62d3f32cc775219be24	121069508	54f944489a9cc27db21dad359d0f76cc09db1c6685dde6efa871a12e9194dfbc
https://benchmark-database.de/file/4e3195a382f5af213444736fcc8b364f	1345108	bacce32c8fcf7863633f694228258bb8cb486a2ecf3710ca5ccc37a948b1e240
https://benchmark-database.de/file/4f4d22ce7643079412975a662e9363fd	656736	390e557d765ecfa3c32dce84226ec14251b3813c322eaf3768c04e164976f7e2
https://benchmark-database.de/file/50519e9e964f30dc34992f0348bd7005	24488	7bd133579ea293cef55a137c298c760725e5e2301458b38f439f1fa52e097b29
https://benchmark-database.de/file/51482a5b06b055edfdca576d654ce191	414416	bec3284f6db304502fc90d515777ff4a2fb0d3698098f65a205a6b06408f9ec9
https://benchmark-database.de/file/5246b7b99ba005af421d86299f7d26d0	153228	99dec24bd9bc4a14e760e833f9e8b5c714e2c0f4679d65ad3d3a68d4f7be8722
https://benchmark-database.de/file/526caead2f3c84c2918a2fc775dc3e97	656788	1180916e7c72b488ba1b3bb78b5c9c22401376ae946f7b0ee68d563002b36054
https://benchmark-database.de/file/5314fd6ccb53b6f6af49a594ea68a273	4260628	51907671051cdecfab72b2c27d8cfc767b926a6203e58771251fc0fe06d22c6a
https://benchmark-database.de/file/533017e0f42d8246c7ae140313a84161	6332640	8b05478bea4107556b6f97b83c381b4831f7c9171a304e9a89f0ee80395eadd4
https://benchmark-database.de/file/539a1f4e4f7a95ab0ac55df50445cceb	37112	35925f30427a62e391efd4bbae7e0e140709064b45a8234b9178306e4195b714
https://benchmark-database.de/file/53c21f3e78f060883026b5a12ba691d8	243000	9cb0925feb9f8d9f4e34be206429131db7c50161353e9b733ff0a1d305625337
https://benchmark-database.de/file/53e347648553a2f2223614d3b4a07a4b	41036	335acbe89341defc2b6b7c6191d78b0724ce38a1fd4bcc2d475e36f9d3825027
https://benchmark-database.de/file/546f8e069aa450002a30c9c47538fe95	1498420	ce021823849fdecba8751115b7e6c635a28247514129263c1ce201ab8ac9dda0
https://benchmark-database.de/file/54d496c14fd2461642ef6be5341b297b	13545816	a5e20ac867f40c81241c421ff50988d6c865136bc55f0df8021d8c467b162f41
https://benchmark-database.de/file/557d7d4db5399188f62bc39598c6d868	345012	e5c6ac154d0701105b1b9103adc2e108c6c0f42030432c54d1283e32aa0e909c
https://benchmark-database.de/file/56913ff910c49dd5010653720970d944	526312	1fd4c32217f4e06f7305fb973086be4a905a7c4028971808add8d80948031fb5
https://benchmark-database.de/file/57b478982ee9aba245ba792452b18fe3	53100	b7f862e1e81b807ec82e563d78fd88cbd8a97bda4e49afd8479d3ee0b462853b
https://benchmark-database.de/file/5831f35622f3e6c666f0cee6cac60e4c	216932	ff3aca6715b78a19e439f9fd87a0a39b5fbf8621eaadc1b8d779f9c68e314c01
https://benchmark-database.de/file/5911653e4edadec391654c8f06353f9a	4258244	5435b1b271b049ed9291ab1b9b297afb33b8d2d3c50ff1b48bfaed4ddf7bb4e9
https://benchmark-database.de/file/59825ed96dc3bbdbd8789a4870b323ec	2193708	082a8b7f8c115d0838f835995eea8620896fb82b3d9cf17731302a08e516bfeb
https://benchmark-database.de/file/59fc779feee4390b57502814d424e0d6	53588	d22ee74f287e515c78445479e9afb99a69a5fdef60479fb56bcbce281846feaa
https://benchmark-database.de/file/5aed29ce52192a55ffbd2a6f340017e7	46209152	6b9f9a9d8e913d400d238b8c7e83f88106c1a35d81c2c4dbda7c171661492874
https://benchmark-database.de/file/5c24cfeff639fefdead9a5641f65fa22	31088	d595b9bbd41b55a74a137f0e328d119dfb47bd3c51f8659c5d69f3edcf8e5ff8
https://benchmark-database.de/file/5c29ccca91235475f762f4b106f804f2	158040	77b8aad0d15ffcaf23e1b307d940d4024eebb72337eeb2c299035bde6ff5cd30
https://benchmark-database.de/file/5c47810953b22baa5f6f45585430fc77	4265208	ddc5401e59d155512cf289cea0844387ee2a0ebcb487b223f983f5e84673da8f
https://benchmark-database.de/file/5c8f4e54e195d46053b04e232a5661c4	10680	22d37de46ea3c74ef5a9a11637226b7be142fbfeb5c85fb2ef8ede6db74df596
https://benchmark-database.de/file/5ceb95f5960efe1f23c3014847dea118	19096368	d47ddb22e94d30541e13fa6e61c21da3e9b458919f6158a1cfc326aaaa41c5b2
https://benchmark-database.de/file/5d62e4d7ab116c477c8d4f5bd36907de	55824	051df2e91e51104ee66955b0fddada53d9e8f562270ff8957265b8bd2cf1d597
https://benchmark-database.de/file/5d7bc1fb0f3269d88f732d3fb81abe59	26968	09ce009fe2984c8f9ef7a10e88264eb02a9fc4633cb149b762701f10c3a846c8
https://benchmark-database.de/file/5dbe7b31f9b8d8e56045493439adb949	1101644	d48daebd24887f1f45eb501a98f18dcce995a0f29d867bf7f2e14ff3958c2b59
https://benchmark-database.de/file/5e933a625099cc1ec6a8299a7848a2ae	19995748	7ab9729bc1831b836fcc7af3e105d69636c3e48ef26e5ba1334c5e98407cd099
https://benchmark-database.de/file/5ff5e9d5aab95667d3d2bd50e1e6792a	211420	e66fecc46355a892b6b604082d52d7cb2726ceb6d8f1997fc9874115a93d8feb
https://benchmark-database.de/file/602c8a200227ab9d64d855164d35b5cf	110240	6febe297764db9a7ced2a78f9bccdb82464ab596ce739e07d6f7a977bb5436e0
https://benchmark-database.de/file/60e39615d3af069932865a28b1bf6330	29520	fe5c00b7f75a33773fa7a10f3133544756d38b0b478d6b94cc40555e624a92de
https://benchmark-database.de/file/6147e666b75f603a4c4490d21ab654cd	17636	8eabe9bcdb65590fb763eca5d712e6d34de230a0e25a5c0df403ccd1e8e3d35f
https://benchmark-database.de/file/619e9e0d70c78c97b0516afedf086fee	43323268	39daa218322df7f6c4b171a8bc82f593837955fc4a59076801575330a612219a
https://benchmark-database.de/file/6415a71364351c0a521fdee510bc2589	112876788	20408975fa70490cb4085d1db4602feea876313031dad74f152de6e0985b6e8e
https://benchmark-database.de/file/64cb3656e0c03b3db7033ee9b987f280	52008	ec2125cd0abeedb9ce41ec5bb554e3bfb88a7303e0cafbb92324b0bef30b4b24
https://benchmark-database.de/file/65f7145996bbec02b90bd0fa64a20502	3844160	581237e77c7fbf19f4c2064e48e3c03f9052d3f893a4a20acf30d35e57e9c2dc
https://benchmark-database.de/file/663bb5659e42c2c75f74354f48895302	94960	eb84d3ebb7d046ecdebc22649b362e782e0793eb8f626c68b5c9bd7fbedaaf1a
https://benchmark-database.de/file/674affb219c049cdbff1b65a6b7bedcc	27529388	12327492e3d2d4e1af569ed4e84aefd43c81cc14bf776a39687266cd84d245e8
https://benchmark-database.de/file/67aa1a256f92020dccdf66b235de3986	134216	61362e4ceddc821280362e30e7631ace4b81438104880fce45f7dcf437c5dbee
https://benchmark-database.de/file/6832fe907740af686fde98518067ea3f	4351888	233476c63aa311faad55fa27a6cbe4227706c9e6e9324f6a3ab13f0f04e98a3f
https://benchmark-database.de/file/68e33d998466bbdd4bfb7249a5790e4f	24976	af2e88f246a29ce877b3c0d03af40c79ce4970fb2fe01b95d9a606b29d850334
https://benchmark-database.de/file/695d8f6a2ee6e89e5a4f5d94abc3aca6	6628	1c49c1f69a5a348ef3299ecb5f999e6faae4e22c4f87d2ddb2ce0508d824a6b5
https://benchmark-database.de/file/69ad7473757d30d55fabab7882268483	41516	6781a0dcfce8456af80b497980f4148822738315c79ddf7916d6ebb49b013656
https://benchmark-database.de/file/69ed23c545d2a48f735f2187d919a5dd	27516376	6774523de2301915681dca5ea5c50dfc1f03b85840e53fa57adfef7242ce620b
https://benchmark-database.de/file/69f6dd335626a9b71bfc6f2332f52b9d	2652	904b57e68ccb583eff16c0860e52bccf3f214aff40374f387a49644055b87264
https://benchmark-database.de/file/6cb995b1c550beb579c53e27f6ca881a	30044	00159c2a2bed40e5dd23d9cd652d42f506c3c02264a138c2c7c1ed1d542d8d51
https://benchmark-database.de/file/6cd9571bc71cc0c3fb08aeafb9ca37e4	815860	752c469e47957b1a1ba59a2ed95eb76891bffcbf8c1eac4cc9e87027e36f2bad
https://benchmark-database.de/file/6d35bab4302bc221fa2c9234547b848b	52992	8b4491cde25f3f2635eb9aeaabc68b01481c6db16360c5193d4fcb763508dd1a
https://benchmark-database.de/file/6e139783cfbcfeec85b49750ad11a615	5668	1e63f0c7be54b2684fbb59773dbeb48dd4906b8b181ccb81fe8c5f1828fa3459
https://benchmark-database.de/file/6ebe901234af9615bb85b688a26ef2c4	876521928	6eadb491c2401ca0560e63de71fbe802e132b7d98b39936d476f7ac1cb706075
https://benchmark-database.de/file/6ef090a10c10352090100af7b6654c31	381600	3665f5c5744e2aa4e93aaae4d3516822f73bf8369f6b133330f25a53d1394098
https://benchmark-database.de/file/6f354fbea13b25a49f3edc1cd10c48d5	475692	24db1b4b7064857b09c7805ea6aac4f9fbe273ba4522c6ffa73249513b1345a0
https://benchmark-database.de/file/6f40bd5ac85e2a53b392d8f0369e7f1f	11236	4988a54c3d43ffd45cdde46c6bdc7691463689254c25a3c0fa604447ae45f9c5
https://benchmark-database.de/file/6f6a20cd654701b5e7fe9e9e0e5e7787	44036	42e29a2523a89bc1304e5f9158ce1bcd0961565bb1016a3abd2281be1a97a670
https://benchmark-database.de/file/6f730dd121471749dc0b4baca2573bf7	108428	f464e21c865d4433a850d423948c993cdd04f9964e258a6321bbbe837d5ea818
https://benchmark-database.de/file/6fab31665147f538da92dc16c3a239ad	54572	6f9758264bd57cdd3cdba6018b7b3e8db3ca6b667e3e7742f58093beeb22f23b
https://benchmark-database.de/file/6ff70a3aaf261b35b0b072f454a756be	4188732	5ae5e573a68bfb55169015d17c6a14319844cd587db9929ee8aca480d827d143
https://benchmark-database.de/file/70da0b784f49350e05c0ff8434acdc15	479052	dfc8869bda24a0b1fc0d555a4e554112caf76ea58a00b097380282b2fba58cb2
https://benchmark-database.de/file/72a033a7a86f1b89b1bdd8e28a97ecdf	70440	2c5cc0511ff55203e99fbed81c556045cad2c1c9cd59c48d55cb0308c2911ff0
https://benchmark-database.de/file/72cec28d6e34efe366150066b71edc33	978024	879f0ad7c927d85da27e64f0359f5f6adc9db53bfd64df6a8862e46c5b4b961a
https://benchmark-database.de/file/753757e87d34bd1075c413d801bf99b8	104305452	62dd7dc7be60072dec70326d69d7f62ada82fceb4b9bd3886d1e2a73a2b10926
https://benchmark-database.de/file/753ca299a6ab46e28ece1aefa38f4947	4272832	038955b162df4caa3a11b24eb039a6775b3774ed3e7a32886cd81c462755e7f3
https://benchmark-database.de/file/75cc1f02ed4b8c06553ef579b163e1be	95616	18df6f42e76ab19931a912159fa0749b247966706725eb4af3cbe9861a990bf6
https://benchmark-database.de/file/76bef98aafe7e718e98761f058c7dc1d	955088	e51d5d7cde16739ae4be44b87f0668af828ce47a602c3c9b2e9525c7956e19ce
https://benchmark-database.de/file/77a0d54f2fb3740a9a321623c0c10f3e	2536	2b390bd0a28d61abd149c8460cf5ab3ff101032458986b23aed226e92cda893f
https://benchmark-database.de/file/77bfac6b280653e63013f77d0991484e	34453384	53bc1f769fdca7e57f00de3a46dd2d1b596ee19d28eb8413dc5482f8510b8b3f
https://benchmark-database.de/file/77e655b23c0a50d911c0384ef8fe266d	1514152	9bd7ebb6a39dcfd8ed5a5649d6a3202eb9c1cdd97e36ad3e60a54d2fd5f69dbb
https://benchmark-database.de/file/780b0c9b5aed38a127f61c6aae7287aa	195956	da8c2a27aa6ad3550c6ee749ca342ce8378fab26fc559125498e0ebc2543b31c
https://benchmark-database.de/file/78e8f5b0d59512cc4910fd63b4acb7fa	37636	a59d080b701c78bb7e341eb1ba18b893709f23e47c71f69cfabd6934791587ff
https://benchmark-database.de/file/7a044c997ede14d00002f1db39d45170	290720	4df726b5502c2a19d28f7c250aa84a39ffc7f4a136b20bff5435ed7b803a6d7b
https://benchmark-database.de/file/7a206b67366c3049f214f360ff943f62	6089724	ac1e5ded501361d9408ee099b71a87edaf13130aaa23a75ed520811c9e857401
https://benchmark-database.de/file/7a44efe7c2dbf88a61e7cb750f307937	109188	6a04e2e9267768e7c8bc5379bce53679bf1f6e264f63ec9bb5316959075ce90f
https://benchmark-database.de/file/7a5e9bdbf9b8c025b1f986d6098b6206	45091212	ae978a0ab50abedec524fa74b99c26cd868abc24355d6ab0b63b7b34937eaec3
https://benchmark-database.de/file/7bdf3e5401cc263951003b569bcd689c	999732	432f429adfbc5b435cf4cd23b66e1ee3ae93befda427379144eccaf639308298
https://benchmark-database.de/file/7cf696bae2c50af38414b61b8d92581a	29297152	ee2769452a0e1bcb0fe84a8381e40ba3c12dbd86f94b84cd6c01badea4ff928d
https://benchmark-database.de/file/7e58b502cc9dbef5f76d5161fb9a09b2	355856	fb383c03d6fe8b5b54dea56b36c34b43d0b0a8db0cef0ac105150227f17377fb
https://benchmark-database.de/file/80d8c77f6cab179d469462221f3f624a	38760	e7f677d8f87763e61d84958271639a8ed78e1e50814ba0b4a94e0807346a5c30
https://benchmark-database.de/file/818c585e5986431917605fca8d775034	3504212	a93ea04448440425fa90189967ed619067f5ff17bdea168289b946d0b15908f5
https://benchmark-database.de/file/822cf4daaa4e1d16ad53d088ff567f32	26472	821b44883639c7025145b7be7763d45db01938d99da20a2eccc56432184e83b0
https://benchmark-database.de/file/82851650dea77d44864b3fd8ae387691	375688	d655e50b325e35989789c35e8d5453a243f3a60becdf5aae39b89a00bfe66bc1
https://benchmark-database.de/file/83aa254f7d17e1df7bee19322ac4752b	218542380	99f06c9a69079eef487906b0d5e933d8f5447c52aebcc5ba27ca7eb4ced1a22f
https://benchmark-database.de/file/84282cd481f7614f444951064c707030	19260	3e7f873b6d464e51e220d3555d03cf43c18c6cae40e3d079b57d781e0eedda21
https://benchmark-database.de/file/847c8843ee292b9b31f0c346574af260	15508	4b08084266ffd1cda075b3942bc7e83d334fd6b5f23fa0c839da8b2b4351e08e
https://benchmark-database.de/file/847df6bb7bd0a8fcedb57e012cfe0014	26104500	a41c94073b3499712b5611bdf21a0cd8c84499b2db59812642affa9fb8366e79
https://benchmark-database.de/file/849950561ddce887c78fef773dccfa80	286956	65620a0618ae731ffb210e079df0724cd47f19ff5ec29b0a944b25bb69da8b58
https://benchmark-database.de/file/85ba26d796de9ad740ce5a6813488fbc	256400	0d5e36a81f678268dfc4c25041cb34deb72c22ad524a953d0483039089fbedfc
https://benchmark-database.de/file/86173292a2c6a506acf27a81db853bb5	345996	a09d37402c1e84a188153566e7fb88312ad21acce93bba2222f9f0cf3ef352fa
https://benchmark-database.de/file/8707ef793f0443b5804c56c2ffca322e	32912	a90f55f8d454d5d4db2f1dba3451e9381f67488c7b0bcfb1f216dd89a0700c5c
https://benchmark-database.de/file/8733dfd02c923d69720500c9ec8ce36a	3284560	329881c829c5d7fc1c2a85f41d0f88218253c086d4c0d9021f3bb33bc31a86eb
https://benchmark-database.de/file/873786afab7757a9f216da0724d91ecd	60652408	45462c519ca234c784b469697260577ff0f586f6c77e34e363dd9d4f916c0c5b
https://benchmark-database.de/file/87f093067622b91fa9dc0de149c8b92c	811416	35bb26ac6a21b72ba4edc0b40f527305b04e78bf07cbe4aa044fa968b38e8c49
https://benchmark-database.de/file/88849daabda2e712f659c6edbc142229	18058436	ed4aeb8d6bb73c074d12acea6986a9290337662e27eb81a8c417eea034a3f93b
https://benchmark-database.de/file/89002102bdb86946869a06dc1f604315	3503392	8d4993be525d447b985aee31e972f8a468ad1cf1032878e83c9ab42d5ed2dfaf
https://benchmark-database.de/file/8a05f9b6bf49285e40d0a197967ea5d3	21988	21dbc5178b512f2bce96f367ba2d203cb31285d3f2a4de47da61ee48d20c6377
https://benchmark-database.de/file/8a7977519abed3e4c005da7506349f52	57291308	145fc37c9ecb8f6620243a96f3e903c1ce7abd7f60210d5bcf0021b9c46d5764
https://benchmark-database.de/file/8af30680e9329ae30c2cdbece636c470	22396	c4c275e408889337d5c9350ea2dcca9198b1cff24f75c92136ba874f3351ad93
https://benchmark-database.de/file/8b22396ef06770c7dfa7552a610fc911	39984	5df3bd1b15d437d7b1cca7115976ea98be4d7f0a98144cde60d3c9875321d88d
https://benchmark-database.de/file/8b267f95678c90b2179944de7233b090	152800	8cc1d11f022ac95aa20e54a36dfac2ca2dd2f37fc8ea6a537e6c7e49078cd33d
https://benchmark-database.de/file/8e1f70e59050693ef128bee0092a7f5f	48180	09a4e8db9d4317744a0a9d2a91f0a070d7480f30a83ec9b0011b0464ad96956c
https://benchmark-database.de/file/8e62c5d47920ffe36052f86177403e70	1148912	4f75b5248b8351136c9ca8028b1244c96e63010ff5b005d7323b89ccb7d28903
https://benchmark-database.de/file/8e81131a0c4fbd01e90bb6e20d00c547	24908	203c14afee32f103c558f8c09312350e03191cb6f0b58d8f3e3a318bea9bdd57
https://benchmark-database.de/file/8f391f2bf8167f1b96467f3479b33dc5	218488	4d1dea5ca2efde89744c547b69990148c6e0fa3e247ba5f78f82c085697c7ff9
https://benchmark-database.de/file/901fa244999d250bc8d8cce19cabc114	1551268	e391e01acfdd0fc6ef9ae5d385f5d5a6c3183818a4d372adc2c7697429a81ba1
https://benchmark-database.de/file/908433870bee8ba2c86f266d0b002fdb	207536	2ccccfb5fc1025254837ffa726dcd33bf310146124312bde8f6ac71f2dce243d
https://benchmark-database.de/file/90bec6dcf2399d7c7f73acba44a8641e	100080	929eb74f0adbb4073c572e7bcf3bb18a57d512f35dd7f750a67483c30d119a02
https://benchmark-database.de/file/9118e76885506476cd50cef8b2ec5def	43264	aef3830a01a28947c6b4b151fac24a09a5c4980ef8305b74f97fbe4cbd3837da
https://benchmark-database.de/file/918d9e7c2e197312517736421d728958	95516	ad6913315b31b06c48071a4f61dc8c3c43c1a5bd4faee5c72d122076de567d9e
https://benchmark-database.de/file/91c429adc2dc8430461b6d87a9aef335	28548	d6cf935e03069ded9149c90dae8dcd879f657bbf0734cf785abfb20364b292df
https://benchmark-database.de/file/9277f5d1bc65276294617e672c4f2443	1054004	bfdaa9e4eadc32879679256697b3fa6b10294e191a41fe6f99096f5c82e51764
https://benchmark-database.de/file/931621d9964e9d0cd1c4001822015c92	291668	1e351f845f2226ae845faa308795c29c86a05f4a907e102d44fdb3379062ccd2
https://benchmark-database.de/file/944b4eaecefa1d15c2d2a8ac0c2d1c31	101168	8fde16e3a46e34bf23587adcf891a1aaff445499d4edf0f2b4966fc0bffb5bdc
https://benchmark-database.de/file/95931bb010dba306e24c79c120044ff9	1375628	61295547bdb4559ab791b8463aac03736bb475e4461647aa9bce855ad369e6d3
https://benchmark-database.de/file/95abe8aeebbe88fcb0503b13109593b3	3108872	c70a9a3f6d819740d6845bf777b4a2517e2639f343d99882b05e143ab5923882
https://benchmark-database.de/file/965bc4f6691b2e5f7388aaa9ba68f768	96068	2235e2ce2d103b114051b1bba938dbbd66449670f3f1b8e13e71afd0b0797b85
https://benchmark-database.de/file/967b58fea99a99b8da592d3e2fe7139b	32876	879c3878de403eb0756d71e818188081d5aa42db32dfb9817e97d94797f90b2f
https://benchmark-database.de/file/96977e8e00a3728097861502a449e343	12832	31b74772b628cdc1156a7b19bef51ec94dc516ee9eea8a035712c86fbf61e659
https://benchmark-database.de/file/96a472b1fd7bf855fbe44fc2d5e745ce	27876148	3cc12c134d306866024d44126835ba1a89bfdec9096e0dd6371e6f7dab07c6d0
https://benchmark-database.de/file/96dea3458b5470bd6db5704a0d1e9742	1008892	428d897b1705be2b7d9a4cc9b3dede46e42936a89c6f67bc9d90b564f3ebdd7c
https://benchmark-database.de/file/9754fc1acf450ee2ed2083a211cfa487	43120	bed3e3bfd0228db021f7ee558e2fd343a7a4003301de386fc93cff9764be2489
https://benchmark-database.de/file/981c4e83c5dd3694af4c367958e0ee5f	934744	c5580945881e9f860c0ba1329485f3dea41ab47e9d9647cca40abe805fa667e4
https://benchmark-database.de/file/989ca6ab309ca52a6ff957b6896aa03e	31836	31752200dab75187bcf02889824f806e3de47cd27c162bd0a74cc785a16da8b7
https://benchmark-database.de/file/98a9352230efc411c092f1dcdcdedcfc	1183120	cde917504ab76877cdb9ebd02c0b2a5146ca693a40a93d6787a678eb698e627e
https://benchmark-database.de/file/98a991c902324b02349e766ad357cdc6	26252	43e63c42ba75096945ba6034f60f1f366a8e08272b07b54198d115e8b0feb0fe
https://benchmark-database.de/file/98e8aa2ace21d3362ef51524ad546764	1180828	15667dff812e63a8f4a9b7c3cabafe0bee4eb55cf68f433958d8745e606c932e
https://benchmark-database.de/file/99718c1729a8de3347a9946f1836421d	14324	2821c8f6f2adedeac3b4ecf0c6ad9748abf51ac64084ec6bb70e59316b4ed43a
https://benchmark-database.de/file/99bd0555ca704df05fcaf6f9b84c7eef	918152	416aa266ca0c0b8ecaf479ecfa228dbb181c7202b5a95674fe2322564adf55fe
https://benchmark-database.de/file/9a839badecb20dcf505ec79eedd3753a	1201468	4f9bcb92bfdf1db6b2a0825707b2f3a12a2ff97fcf459411ea94129407f88d7d
https://benchmark-database.de/file/9af7646fc4a32c6f2744ddc0c4b654b7	9728868	1f9677ac00c8f7845b0b58a49969acc111299eccfa3f22778905a0d89a011c0d
https://benchmark-database.de/file/9af78578225115b54d5e7338562664fd	262492464	34ceae7c560b7a2839347419f726360ffc983ab70ed41fed1e1450561a93461c
https://benchmark-database.de/file/9b5f767eb5c14eb888d51acf70e045c8	89124	f97ba00a4c448f87c14bfd0897aa2d289f5f1294c3294591f3af1aa915fac288
https://benchmark-database.de/file/9b998be0c639d06988c4902eb125c0b7	52876	11f968a212938cdb46ce977a05079d20611f32d4af5fae1f8ab5863ddbe1d80a
https://benchmark-database.de/file/9d7caee59e9d362d132f1cd785de8a0b	19220112	19688ec103039ff836ee6329ac48e569ef1a722659168f85df2d070350c0e728
https://benchmark-database.de/file/9da32436de386f3b4f8e6ec1db552349	705980	2d1ca6e9397daa612408ee9d2feac3694db63c52caf6265c2b6d5e01e8730231
https://benchmark-database.de/file/9dcbf221b8d2bb01f30bcca283f3608d	1651328	0e952d16aa8f4f177180bd1560bcf19c0e0371586bc98d4194ab20d396a5239d
https://benchmark-database.de/file/9dd565d002c343712eb5deda187e9034	61076	bf21632e621879d3c7a04be69e623e3e479c446fa722ac6dfb99462bd96f47ba
https://benchmark-database.de/file/9ea8deb8313d93e60743638909f37d6c	149320	31584e8d74782eb3c3154b401bb4420aa40981b91543d2e2b2f66db8e9a3cce2
https://benchmark-database.de/file/9f1cb42232335f84435126b5ae0fb701	1356380	d8c9b47753b968ecee7146a5280dc682d27f669b5a697ee1d7c5175ed144d68c
https://benchmark-database.de/file/9f38c92ba81c754103444edc15c1f44b	19964	dc90cb5de722d9aa4d4295bebda1d6ee73bdec3dd47018e3f46bf1ebf1c099d0
https://benchmark-database.de/file/a09eb02bbaa7a0ae171123a782c2164d	50484	fb15d6eecd2de145907d5d28626c2ab46ff1860761d93b79ffdc3b7e35a1df19
https://benchmark-database.de/file/a0bcdaffb0ea36b678899fd86bdc7f18	25092	cf38f2659dd6146084940ec311c05d69019f2990a7e7f39938ab4b562e63a935
https://benchmark-database.de/file/a1fdd60d2570f47fb14956ac9e96951f	391292	a0b99339c3be42ea59cfb4d917414f217fbb16860722fe43784d255fb7d59cb3
https://benchmark-database.de/file/a28f59752c160af22b6d04cb89ddf802	51773264	7692f8c42cefef364b1e4ae4e1a35bb53b5d7f064e58f84d1497da8c54602a9f
https://benchmark-database.de/file/a2ca167a8fdbf165f40b5d6dee94b040	889336	3eeb818cdb491467cea3dd71c9ee94f5496482ba377b10b5392967204d1673a1
https://benchmark-database.de/file/a2fe3213d50b3bc297e3f7606c921128	346220	cccab96752502b77ff421fadaa12606eabfaa1d5d6be8a7bf2ba8e86c8f70a11
https://benchmark-database.de/file/a497d784c61c330f012dcd80d44dcd43	5716	972815b2258daa1ca7611c17d167d1c8d0a191edb914a468f011bb6140fec8e0
https://benchmark-database.de/file/a49ec44c8d9972cda278d48b6dbef09e	1417664	06d9e02115e51ffb435729ebf0784227a0b64354900dde5362a1055171d9fdd3
https://benchmark-database.de/file/a70883771fd1c210d94a916d52510a3a	1167496	5cf2f0ba1208cf01a14cb3fd214866c99b116c7b7b61c7885ee61e6988d1e280
https://benchmark-database.de/file/a7e7d0f855781da215aed50e523a821c	268624	93acd44b6ad942156eee651c936d193f3a08828ee25f7f176d0f56b956d9b96c
https://benchmark-database.de/file/a8608545f9ae0462c7426e71a0e3e634	101180	9a231ae7bf89cdaf3266d8798c3c4d8b42e61d262d1d6507cacf6c8eaf8d2ed0
https://benchmark-database.de/file/a932cd15aa770c7874b12476153b7df2	25276	09a298cc45f926c1dfc4c9f6be38da3eb2ef1ffd620cc7c0bae97ea56979752a
https://benchmark-database.de/file/aa5585572cc045a3c2209b083635d598	184600	480ea4642eaf294b23f1b46dbeb37c7c51aabddf30f0183759bfc518af90acb6
https://benchmark-database.de/file/ab02c7ef78bda1f427d5e3f1f26b1ae5	9714768	61084c52330cf30a1533fd469926779b59a524f10cc5a4cbb8c058472d85cdfe
https://benchmark-database.de/file/abadaf0ee0e21ff1a4b0e294f13ab5ab	40844	c2e0a43a7c320dd282ea801324415838e796528f161bb48793f08b200d3527c8
https://benchmark-database.de/file/ac3887576c2ce781202b9fe0fdc31420	20649912	07b881ae5d1057ccbfdd564ddebf1a8f6e45582542b96aee21974ccdcd446450
https://benchmark-database.de/file/ac51df6b340190cd1182c06ff2955afa	30660	eebae97bddea3acbf63baf443e37d6663690beaae117efb58cd73f3c06423f5f
https://benchmark-database.de/file/acc0bc3ef52aa228cc35c2d9bb3ae249	51300	8f585875826c0045fc0ad3cb3c700063e354509121d79d77ec8522a617dff4d2
https://benchmark-database.de/file/ad69e0a0880cd377e26260f7e4bc6d51	38888848	f8603ceaa7089a81cff55cb979be67dc398ce8394cdf9cf55a27230314204723
https://benchmark-database.de/file/ad9eb96bac59319fc2f7daffd1f961f8	31320	7a8ddb3bb2216e436bad6ba6e452e011d06b12468df8281aa3ea52b4b71b7477
https://benchmark-database.de/file/ae9c53347ee8072745ed230992e164ee	27536	976cdb09c6489c592eff9796d04e2be4b8c3e05f6b04a2c703fbf4e4952186b5
https://benchmark-database.de/file/affe8884c8c744ab2f07683ed1cf0d1a	1342940	eb9fc53cf79c6627c1aefb6e8240febb2c94ae87cef853b3033e3c9ebb7d8f60
https://benchmark-database.de/file/b18b24418dd863c1d631698d7d45041f	740392	98a8e4c5def6bbdb3ea886f766c74cd65785f499512a0d291aab50f76dffcec1
https://benchmark-database.de/file/b1c8eaa002ac2fa1c8bfd1002738e78e	7168	d78fc0c4dccd2f66bb33ca6ec79385151baa81e24e4752ec23ea98aa5d991b79
https://benchmark-database.de/file/b27017cae233481c679e3c3be6f00af8	17635596	576fed5d1eac087c6efc8726c1b975d87836dc95b7017cdcba21d03ac90dc241
https://benchmark-database.de/file/b361efe85442bd535849708e2b7ac639	313476	13e83d3258a4319e171708bda638ca380b9b66186038932d74bd0c53a46a1c0b
https://benchmark-database.de/file/b3d3680b3287a989ce61a6db1054efd2	158812	7bf1a8ccd2025db87c3beecf5abfeb25b0b9c64a1acdd6fc824aa1c9279dffbb
https://benchmark-database.de/file/b5431f41e3264c64508c30da215c69c6	16816	4509ff6fc412b8bc7e7785d9b85a3e9c9968e42617bc78fcc39ff0feb522abfa
https://benchmark-database.de/file/b628043a07c5576dd6cd21c9d73a69e0	2768	e8a50ff8f87171b23773a4271274aef0880d8ee624dc795bf59efbbea6bb2d21
https://benchmark-database.de/file/b64f7d56f1b369fac6a3bcb1efd784da	21521924	4147f1fb9b48cd8824bb2d0b438829c0aca0a4871d07c3896205a4f4886195e3
https://benchmark-database.de/file/b655faa69774192a80d9e2a2bc602ce4	26034996	c4f841b42805f515c2bb043ded69bee58aafdc28323cb6612143f4f011682fe8
https://benchmark-database.de/file/b99ba7e9113280393c64863dfbfa2c3b	15064	fbe7392e99093a55a749e443c3214d0eec163e1a418e141255926c3fb676a7ba
https://benchmark-database.de/file/b9ed6fd14f4fc969ec966a4b54c36872	116132	b6aff72f008dcf4aada040c62b4a6060d4a5bbc7281b90ffd4ce6c66cf34e3f4
https://benchmark-database.de/file/bc5a06872fa6dfc9acbc7f782f0a4439	1263652	5f2b73c562dfc04bf2c085b0ba07ffa5a3aa1460c8966b0307d5ef4cc949eb94
https://benchmark-database.de/file/be78afd2e0b3d1a955fc403b2d100d55	86497396	a65190cd8068747d473ef501c4fb0d40f9bc9d30c8fa4da597fff35543e07fc1
https://benchmark-database.de/file/bea83d274b1c57b2171b380e34fd645d	534652	0fca27a7f0cd498eae5947e1d0bc72754a4b38e505b678049f5f4bc4ded72af6
https://benchmark-database.de/file/c0074020a48535e6062421cea2850dd0	88852	fe04ffa1178d812eb5148ebdc20efeaa5ffba322ce83967037b54c077121aa6a
https://benchmark-database.de/file/c033577c6f5f9a1545537518af964305	3258056	77e306f55a3655931a6c8a391d022fa897ba1b7ad5a3aa8d1dbd35bc662e3719
https://benchmark-database.de/file/c05d4d3ecd06a2e3942fea09159dd27b	111032	0c448500036cf2525bce3ced22552a8ab0c15d4d100b290cd3774399c591f939
https://benchmark-database.de/file/c0bd86bd7ca2c65e44311de374168150	4069268	29120e55cc6220599850f84760ee224de297da8e289401f6d0dcaf5d528c6336
https://benchmark-database.de/file/c0e828fb967fc4f0935cf06c6a6b1055	19404	fd6b17a499ac82f1144a2650e23dead39de5d06af9c0a65cd090a319f04e89b5
https://benchmark-database.de/file/c21096fa2f550785c33dc862d83bc941	9808	c84f519571dd1884f77a9d92beba5aad9452a92c4707e48782a58ec4607d5d11
https://benchmark-database.de/file/c569d4b2b2e90a1a70bd23a1169355ef	168360	49a4137232f97e4d33129d5cde7be2dea94d02fecb1e00313fb251d9c6807eeb
https://benchmark-database.de/file/c6470503d1ff16cbafa18764b13d80ed	1011584	12beafe9a12278cdf1b33f2e7ecf65997bcf2ec8f250bd7ffb9dad8124885e6e
https://benchmark-database.de/file/c7ee94464ba3b25e97fc9b38868b7154	1551616	f77ed5990be27c8c758e51a725ceda19e91826b0c2055ce9c05760ca04da5331
https://benchmark-database.de/file/c86b261162cef181dc513963a8acb77f	502392	67676a456053fa86b415235ff18e1e2d58d7a643cec8f751ed267c8a353a10b3
https://benchmark-database.de/file/c8cde50f32ca3f78a4c74a173c63449b	5738484	32feec083de474c2c0577d543321bdb9460a396d227698f74009b5439c7df6c1
https://benchmark-database.de/file/c8d21db50338d9d5743802bcae77a466	6600	270395d374887717a40b04ea0740002d0cb497b1231ca54c287f77dd7f8b184f
https://benchmark-database.de/file/ca3c65a863526793968fc30618a42709	10664	96a96b4751eda4c03a1a7d6360a87336b5869edb26a6c176f301e54886f52587
https://benchmark-database.de/file/cabfdc91f644200767df9d480d2cc53e	274348	3af095437cc8de0303100b0da73c02cd9612138ac7b24ffdbf588e5906c21136
https://benchmark-database.de/file/cb66276897e4d1ff1368a4430598e11c	34988	ad34e233c24b679813117ef68994657cf3591a09dafbf69856af32f3c429c9c6
https://benchmark-database.de/file/cb950b9accfb53eb98f77b0f995ac0ae	31016	6b19c790a3f1f2d19f713b4d434ad785dd0e8e0d327cd8d1e693c2144db310d3
https://benchmark-database.de/file/cbd0933002d6c4ea99ceb47bb0c3f4c9	181564	83395eafd0ff89d7b189edef07afcb3c3005c1a31e144d5f9ba2da63122763be
https://benchmark-database.de/file/ccc66f699505f84d67d7b4eaa78e5bd5	55140	ca6e881e5d51b621320fa9e2458912163c267e40b96451430be60954874150bf
https://benchmark-database.de/file/cdd131110acc861a5a01fae6c4936c91	6451804	49222f4c156ffb0e5bfaac0b01028bde8996e0e67af72fca787bd44d811c9b1f
https://benchmark-database.de/file/cdd89d1b9259dcf26d4a53ba94041e93	441120	88b19c301c48ef594817a7330bff4bd9cea2b44e979f40597e2568a56b138b18
https://benchmark-database.de/file/cdf559a186b55457ce49516ec323e907	2054100	f5dc4bf7ffdf897ccc85ff8ec4e400ef23d2950ed688f0bd41a11c43d1c4c4d9
https://benchmark-database.de/file/d0298807e51730261ef65db827dcd70f	223252	fb84c9a54e9dfb616ba8d6bd98ff70a4f2e2642df4cbc66f47e1fb555073f9fa
https://benchmark-database.de/file/d07b717548b8c9c1477dd7f4a650bdf7	108692	c591630ca0a4526ee33e6f783254eb16181aa322e069bc9fd702ddc2895dc80e
https://benchmark-database.de/file/d1c28f29dc80ff82a3e32aa47fac8b41	22068	88cc96efd87f9d0d3346110b9c3eb4c1997bdc3d9d4486ad36df9dd96e1743c6
https://benchmark-database.de/file/d2af3fde615d7c4d4a4574fc8839970e	2891548	6468a16278ba39e605bad1472fc3b6e2f4f18f0ec66dd8252f1e7e92b99da685
https://benchmark-database.de/file/d35dfc38e1681b48ebceb4113d205a23	15664	ed567342844456c15e5cb9682afafe43a33f9b05a0b227556de4ba0030a198d1
https://benchmark-database.de/file/d3e4e0f01836bb359725c6aa5072afce	1284028	ef62d536e76ae18000ab2394352fd9c3a534f7694621ef7e90897b8a277cb6aa
https://benchmark-database.de/file/d421913def55cb5f7302ffe9918cc153	3600888	d07d7aed8ca71b9484c4b6342c4bfe09302bac1f5bd89db76b3f73651bb431f8
https://benchmark-database.de/file/d4256f750a8db53113c128b397722443	32468	881982aed1589f15fe65b1c879873ff4bc80c9b28060044e89f12140aced02c9
https://benchmark-database.de/file/d5928883c1e1f70764a31a83aa419eaf	4257624	394137bb98ebd035cd62ee2bc4d62b9610ea18d82737d287f0664780edf0b7bf
https://benchmark-database.de/file/d5b11b0b73eb4ecebdbf6ee8143da689	39737488	918cfdd5f396d415d067ca16ffaebb1e882ba9cdc9a3912f79ba2c24ced679c1
https://benchmark-database.de/file/d672bdbca3b1fb26d585e78add79537e	376084	050f7da1ffe3ca3d171bb335f9ea8782c8631b73a5a4b2677a86f61a11a469b2
https://benchmark-database.de/file/d6afa5689d75e37111656db8980dd54b	947236	a25cee5f3a00d8aba7fd7616ddb4b248f9d389d61068bb483fb4bcb988c843eb
https://benchmark-database.de/file/d839601ab519549e507de27b868fa48b	4259332	f14ae7dd676737405100eb576f1d49f02cc7c7cd2c9ab96c3ffebd017d154934
https://benchmark-database.de/file/d8666a18cf3a32af0a606099f0070b4b	350210328	f4093f69f04013bb4de571b78dbb8fe2be168010aefe4a28a4b862f2363385ee
https://benchmark-database.de/file/d88a8a62342be0ef04bd3b429f311352	1381616	9d788e5567a27039aa51b20c9c3cfaa667d5636b056eb881a45449c247357f54
https://benchmark-database.de/file/d88c6afc13cdad0e2c8371a879692b39	3316	90c76e7471c9e58bf13d7058d96dbe957b396e9e77bf103643234dafa46d8918
https://benchmark-database.de/file/d89fc3e9c24e0383e940464f4704657e	1163092	57e490b25d23beef50f3b1e562bbdc8e82f6187f5815e7c633f852d09c44fc0a
https://benchmark-database.de/file/d9320e4dbba0f8bd699085f61a98ff5c	153804	58fe8e132fd80b8fa9abcca723c668989da84998fb3159382a007ca3c239fc6d
https://benchmark-database.de/file/d971241ca861121371d20be1d61c15a3	11896	1ae3f0ab47dd1ecc1b5656de24a67167df4217faf86b313fda1202dc36854b4c
https://benchmark-database.de/file/d99fd10afec0eea1a41a429936bfef59	4265408	3b66d9b2bbbd453df37cb381134333de8bfcd0a8539224eb7272e1d50540b8dd
https://benchmark-database.de/file/dbb42e010bed2259e4e27bc43e4d86c6	11356	bc80e58d8b3f0cad7c2553ada269639afef339767f08a13518258a06bb63073e
https://benchmark-database.de/file/dbe12d6d2e341d7b4e4216142f29e170	1059696	1b80df61515dfe4652a0d73a59fb287efd3cb0e95d43899c243cf3e17f7a1a02
https://benchmark-database.de/file/ddc308b079b032211ac8e4ae136c2626	20963084	40c66eabc91d112bbdbcbaea21121a93f8aa6ee91490c4b2077bcef962fc74a6
https://benchmark-database.de/file/ddf9620410e6a4351f64c745670ef5d4	6779336	40db1d0287c840809cbed7b9f37a3894409ad8e361980113e025e7c4b538def7
https://benchmark-database.de/file/de8988028668791f35a7b9f94353b5b9	4502528	a308742ffe015fa0ea2b7adb049c4fc23c5efa8210d39569c510a6982d2db592
https://benchmark-database.de/file/de8c42d50f1dbf43a731f1916dc6bf01	28384	91ee1fd326bbb033dc11e514a3a73390676572a204f0745c75db96ac3c0611e0
https://benchmark-database.de/file/df813fe752353c2cc3b9040865aecfe4	3694332	76f9f4561fe2e505eb1539d1138494ffa39c25ae6258688e812a5f4a8d273f89
https://benchmark-database.de/file/dff4ea0af62900ab4d404f3bf7649a4d	44631696	0d2229ad498a357a440bced6a4fed854ba0b3f9cfd916ca5b9629501de239e5c
https://benchmark-database.de/file/e12874b16df577b301608d03731595d8	90140	a879ae474220e776ed9d6ca4a2f65397df5e6305dde120707bfeb6832302dfab
https://benchmark-database.de/file/e207ba2df64495327f715e08155a220f	135204	50ebbae04a9296120541d04becec094f3184739730de69b3de3d6b53d7980c75
https://benchmark-database.de/file/e23edb67db2d1dfdbfe2f4c02d09c6c7	69343000	3f8430052a62576b8c9d121f6ba6edf7a2e7f5382942652dd9b7f657fa576343
https://benchmark-database.de/file/e2d2b011b0805782df6adba648db92e8	901488	d5f21300bd7feacab1408ba082d592960d3eda2e2b3beb1b06f9fec58ff24946
https://benchmark-database.de/file/e318e2ac78b473091c3c2197afd7fc98	112936	511f8c0fae765826e8101c141bc350de91434cc84ff04bf5e036c95852cfbd84
https://benchmark-database.de/file/e3bd4a397f34a99c47d1b2e0e9abcd43	27520240	b237dd4fe4fb3a80bd3d09a2a1743ac79242379af4ab748028e15b9d22d9d223
https://benchmark-database.de/file/e430acf720b63044e5c825a00a76b0eb	15600	1be8fb63c1ae98d59ebbcde12e99769b38b9b8e2f7889cdd73057cac99ae1def
https://benchmark-database.de/file/e442248e155eb81a811edd1deca8a2cd	4510428	5eaab074d45759d79e39ac974e5423ed1c208a1168263ba68fb0c2075c8ab028
https://benchmark-database.de/file/e4ac15cf2373fe0a3601065225178916	125696	1d2386ffedb856f6ca72cc457c8940878cd0040a0028491e0791c541b5ff6495
https://benchmark-database.de/file/e707c7e87816dd02ae433d268bd327c6	169368	e427ff803745d6a5f316885620546ef375ca25525cc3f3aad798a66efd77bca4
https://benchmark-database.de/file/e7addace716ccd5c16ff9a5650869465	164816	90a08e72b333a77ecd00050b648e2a873e2dcf0438b83a7b4a9d716f0aa2ee12
https://benchmark-database.de/file/e7ee736cb1d140b3f70c6f519097aa32	1871424	df045b770f9c621b5176deee5aa1ef4bc6704933cb4ed0b01ea7d754140395db
https://benchmark-database.de/file/e9f6eb5654365bb115e6d96405ea9a76	27572956	2dcc35554967fe3d2f6a121c31086603f3667daca7f9c1fe0a266fe6c51b1575
https://benchmark-database.de/file/ea37a677b357328c1641ef2f6087bf66	32688	ba8b579e67b3ea24513c3471d41540edc7fc09c4fdc51d11c7138ab4ee9dfbfe
https://benchmark-database.de/file/ea40162dda3f9b923b6160854cf7f75a	4534380	beac86482d8e11f420c2ade47937eec60f0a075db4e13e7fa976be24c9d2fd12
https://benchmark-database.de/file/ebbda8d90dfd9b6500bf932f952907a6	3958544	2b14073f5c9ef60c65ee99ed603f207457004219351537f665f374466a0a0bd6
https://benchmark-database.de/file/ed6d842f96d10f3400bce251f9e95bfb	7808	8e0afa2987ecc851e0d2930884aaa3079ec4371c1c53c76e6b7a295afa500b74
https://benchmark-database.de/file/ed9f304b537a768f462bd1c723c5396e	197036	aa0e585d15495fa2991f9681264f24ab40ff49872845ea1ddba2251b3affa1f9
https://benchmark-database.de/file/ee5fb3e181571740adb8444bd052dbdc	402754640	387e6e768cba3cd3538e38c0b139ea00169fbddfd7287e7fd2349933a7d30f94
https://benchmark-database.de/file/efc1b7cc3861df8c2b68ca10399b794e	132740	edc765a801c6301189c0cf74bca741f9fb3841690a7ebdea20610b72c31c67d3
https://benchmark-database.de/file/f0753a43fd48018b408d64ea68a4a924	21994672	741575413a89c9c5862fc81973762742a87809112e53ff31f4845ade06380ae0
https://benchmark-database.de/file/f0bafebdcce23ccfbaf6c27a7522069b	41716	0a1b520c2412801ed613e6870094e98c8c4779c6dcc64147076b46e7d5c18f88
https://benchmark-database.de/file/f17dfbed8c18716a41b231702e127524	1137028	57e8aed9d6b7e9d1c36321bfa768aacf19644ec927b54c40861fc3c8e67be675
https://benchmark-database.de/file/f1973c0a4e960a914ff12aa7e4e9293c	55164	7e183b081f53918db50b5b244f3147394be8cc74d824108a52b9ac8769990037
https://benchmark-database.de/file/f1cd694d42891a20c96a65ee1c321edc	190208	5bf7c9ee8e48de43c4700a7a74ae2ee40669efac2b75fe8cd3f1df34a593c8f9
https://benchmark-database.de/file/f25a1df88f89c6bcbe2602fa7f6e816b	221832	9a63b806f8c89d165e46833fcce6ffa44afea40b26d03be1d05a5bf41e6f107f
https://benchmark-database.de/file/f32bb347996c351bc3e9a91c58e8601d	224520	0dff30da0350ef351bfd042c4e6aaa2b2c8d3c2a973dcd01a6b0249627865930
https://benchmark-database.de/file/f33a6163305d6559043b7438a692dea9	16484	de686af9ee9534b65f47ddb7bebecfd831f218690c9cfac6b05a8d7bceb84c4c
https://benchmark-database.de/file/f371fb73e6bd6d05b306519818bd5c89	30660	fb663d8a4adbd8f2222b74949213ac7e096061120ef9546812c71182f2976aea
https://benchmark-database.de/file/f37757b26c83935780be4f814f8ea401	1005668	7637676b96aaacb4d90ae6e1a8031a3046fe2546d53bc780d96de3b534a8d690
https://benchmark-database.de/file/f3abc375afaf48c7eae21500b773bd21	2452516	a61791616e38c1ad78e7c19815ecee941e842055bc15dec730173ade6bb97486
https://benchmark-database.de/file/f406e2b8b28f205f16e8983bd522db13	2643612	92fdf63d9a68b1a3cd74e049e46a5a88bfd3ef9ade8a3c2e6794377c82040ae2
https://benchmark-database.de/file/f4ca5fca83e870d2ed56f2b00b074ed4	10705044	256b2c9a14e9d39f3dbbaba0b7a57603307752995ea101257a834a31a6ed3f2e
https://benchmark-database.de/file/f569dc48ad062a3110ff08a8d59e59ab	6967036	25da764610dc79ac7331bedd4de50cbe6faf8503c605727abc1e9219c0dc0451
https://benchmark-database.de/file/f5c12b1eb9c49e994abb238576a9372b	1282228	c2b0850f3004a9a7a61862991896d9ec10dc5477c26ba9e2e225648caed3a0ee
https://benchmark-database.de/file/f626408ec204fd8e1a7924d0e59672e9	4251668	fdd43d0f65ebe0ddb33fda7453c51733f84736d1a802c9b092741af7c6085e44
https://benchmark-database.de/file/f6a085f3c728e53f57542e62df20e56b	4194984	de8961ffe9468b6f0783edb555882e3a91da3519da7b54a49001ce1afa2c3668
https://benchmark-database.de/file/f6f91f6a44c3953b788c026cbbaa4e91	42952	1c9c5d707d4052372923420d64212afc2fd8bc469eaca0ac766da9e7c57803a1
https://benchmark-database.de/file/fab2022deb130fe3ad1136a5c71b4109	8940	7e2c4b0663a5c0581fde197e1a9cc9d22a6dabdd2b3fee5d5fe3838bd360b7b9
https://benchmark-database.de/file/fae6cf26f3da1e7d8fc4926a9ca86b61	1405700	198dfe3faef112b235d19971e47d0c2efd1e300e5dcc44a6add4b0e00e809c8c
https://benchmark-database.de/file/fbdca334e6985cd2de8718b60695b5f6	212280	57b8e2eeb8837bf6f5cfa4c90364e90ca58e74eaa10abc53a87f6985284f1130
https://benchmark-database.de/file/fc67d414ea20a0ffffc087d7577af2fe	4528044	da50f0ac52c53b00cde8e1fdd9a52a88d18efa6976e9c36307e09b2f6e7cbf7d
https://benchmark-database.de/file/fcc4c4522c54db2f1cee86fe0fff5f4a	10611644	45319c98b80d03990c9ccdd2a355c11025546062896846c53091336fa7e7899e
https://benchmark-database.de/file/fdc4dd704e4d93a50fafb1debd8a6789	954568	c8eb944348519717b8655d46023bdf1d96bd013876327c4f6ad2252c040db4be
https://benchmark-database.de/file/fdefca5f5236d5a8361dbdff0d017eeb	249100	1922f64f5b0dfe4b0af0bf7f124c2f7677f57298c3e666f8a6d734b282bdc8c0
https://benchmark-database.de/file/fe851239cedd4197c5390cee55fee723	1809752	49b015bca58168df82223f1f3eb591a15ec22b65e7c39ca9161dc0d22c84899b
https://benchmark-database.de/file/fe9b9a35531e13dab41307e569386dab	3707176	0f1c5f7b89b52a0b2b1d2421793e5502302b2e05c95c7bb5ee381e8a02264915
https://benchmark-database.de/file/fea0f926e766ccba7c7dc261084ecbd0	28920	52864eb2ad7089ba475a11530666bbd5ddf8623779b7eeac35698d027fd8b92a
